year,age_group,sex,smoking_status,count,probability_all_people,probability_known_status,source_dataset
2022,50-54,female,current_daily,19804,0.116487265455,0.123480191044,Census_2022_smoking_status_State
2022,50-54,female,current_occasional,6920,0.040703488030,0.043146986570,Census_2022_smoking_status_State
2022,50-54,female,former,46992,0.276407270161,0.293000461398,Census_2022_smoking_status_State
2022,50-54,female,never,86666,0.509770013529,0.540372360988,Census_2022_smoking_status_State
2022,50-54,female,not_stated,9628,0.056631962826,,Census_2022_smoking_status_State
2022,50-54,male,current_daily,25419,0.149529686517,0.160146922626,Census_2022_smoking_status_State
2022,50-54,male,current_occasional,7841,0.046125428694,0.049400527964,Census_2022_smoking_status_State
2022,50-54,male,former,51994,0.305859653045,0.327576973722,Census_2022_smoking_status_State
2022,50-54,male,never,73469,0.432188384228,0.462875575688,Census_2022_smoking_status_State
2022,50-54,male,not_stated,11270,0.066296847517,,Census_2022_smoking_status_State
2022,55-59,female,current_daily,18169,0.117018535932,0.123416453263,Census_2022_smoking_status_State
2022,55-59,female,current_occasional,5674,0.036543737843,0.038541744500,Census_2022_smoking_status_State
2022,55-59,female,former,43167,0.278019656589,0.293220212340,Census_2022_smoking_status_State
2022,55-59,female,never,80207,0.516578001623,0.544821589898,Census_2022_smoking_status_State
2022,55-59,female,not_stated,8049,0.051840068012,,Census_2022_smoking_status_State
2022,55-59,male,current_daily,21297,0.140205004641,0.148988415044,Census_2022_smoking_status_State
2022,55-59,male,current_occasional,5978,0.039355097795,0.041820573092,Census_2022_smoking_status_State
2022,55-59,male,former,48775,0.321101521406,0.341217539736,Census_2022_smoking_status_State
2022,55-59,male,never,66894,0.440384729327,0.467973472129,Census_2022_smoking_status_State
2022,55-59,male,not_stated,8955,0.058953646831,,Census_2022_smoking_status_State
2022,60-64,female,current_daily,15974,0.115553497928,0.121962206528,Census_2022_smoking_status_State
2022,60-64,female,current_occasional,4762,0.034447587150,0.036358083604,Census_2022_smoking_status_State
2022,60-64,female,former,42065,0.304291842389,0.321168161863,Census_2022_smoking_status_State
2022,60-64,female,never,68174,0.493160396126,0.520511548005,Census_2022_smoking_status_State
2022,60-64,female,not_stated,7264,0.052546676408,,Census_2022_smoking_status_State
2022,60-64,male,current_daily,16889,0.125633224479,0.133457131569,Census_2022_smoking_status_State
2022,60-64,male,current_occasional,4732,0.035200214236,0.037392335045,Census_2022_smoking_status_State
2022,60-64,male,former,47623,0.354256086766,0.376317661004,Census_2022_smoking_status_State
2022,60-64,male,never,57306,0.426285603767,0.452832872382,Census_2022_smoking_status_State
2022,60-64,male,not_stated,7881,0.058624870752,,Census_2022_smoking_status_State
2022,65-69,female,current_daily,12115,0.100321293122,0.106029178810,Census_2022_smoking_status_State
2022,65-69,female,current_occasional,3522,0.029164803498,0.030824165726,Census_2022_smoking_status_State
2022,65-69,female,former,38771,0.321052980242,0.339319627870,Census_2022_smoking_status_State
2022,65-69,female,never,59853,0.495627763701,0.523827027595,Census_2022_smoking_status_State
2022,65-69,female,not_stated,6501,0.053833159438,,Census_2022_smoking_status_State
2022,65-69,male,current_daily,12255,0.104402719327,0.110484038189,Census_2022_smoking_status_State
2022,65-69,male,current_occasional,3458,0.029459371965,0.031175341008,Census_2022_smoking_status_State
2022,65-69,male,former,46900,0.399550186570,0.422823450925,Census_2022_smoking_status_State
2022,65-69,male,never,48308,0.411545211361,0.435517169878,Census_2022_smoking_status_State
2022,65-69,male,not_stated,6461,0.055042510777,,Census_2022_smoking_status_State
2022,70-74,female,current_daily,8342,0.080518903893,0.085491458028,Census_2022_smoking_status_State
2022,70-74,female,current_occasional,2447,0.023619007172,0.025077630999,Census_2022_smoking_status_State
2022,70-74,female,former,32024,0.309103018252,0.328192094448,Census_2022_smoking_status_State
2022,70-74,female,never,54764,0.528594731813,0.561238816524,Census_2022_smoking_status_State
2022,70-74,female,not_stated,6026,0.058164338870,,Census_2022_smoking_status_State
2022,70-74,male,current_daily,8288,0.083480222802,0.088556469708,Census_2022_smoking_status_State
2022,70-74,male,current_occasional,2376,0.023932071595,0.025387327706,Census_2022_smoking_status_State
2022,70-74,male,former,42554,0.428621790675,0.454685329629,Census_2022_smoking_status_State
2022,70-74,male,never,40372,0.406643768697,0.431370872957,Census_2022_smoking_status_State
2022,70-74,male,not_stated,5691,0.057322146231,,Census_2022_smoking_status_State
2022,75-79,female,current_daily,5114,0.063501129958,0.067649976850,Census_2022_smoking_status_State
2022,75-79,female,current_occasional,1457,0.018091737651,0.019273761492,Census_2022_smoking_status_State
2022,75-79,female,former,24520,0.304467678248,0.324360076725,Census_2022_smoking_status_State
2022,75-79,female,never,44504,0.552611319443,0.588716184933,Census_2022_smoking_status_State
2022,75-79,female,not_stated,4939,0.061328134701,,Census_2022_smoking_status_State
2022,75-79,male,current_daily,4733,0.064197162466,0.068015577622,Census_2022_smoking_status_State
2022,75-79,male,current_occasional,1402,0.019016357866,0.020147441332,Census_2022_smoking_status_State
2022,75-79,male,former,34021,0.461451862301,0.488898788567,Census_2022_smoking_status_State
2022,75-79,male,never,29431,0.399194314082,0.422938192478,Census_2022_smoking_status_State
2022,75-79,male,not_stated,4139,0.056140303285,,Census_2022_smoking_status_State
2022,80-84,female,current_daily,2427,0.045794180912,0.049108678497,Census_2022_smoking_status_State
2022,80-84,female,current_occasional,705,0.013302388769,0.014265190911,Census_2022_smoking_status_State
2022,80-84,female,former,14188,0.267708215404,0.287084437790,Census_2022_smoking_status_State
2022,80-84,female,never,32101,0.605702101966,0.649541692803,Census_2022_smoking_status_State
2022,80-84,female,not_stated,3577,0.067493112948,,Census_2022_smoking_status_State
2022,80-84,male,current_daily,2041,0.046824814169,0.049930278641,Census_2022_smoking_status_State
2022,80-84,male,current_occasional,679,0.015577681931,0.016610808034,Census_2022_smoking_status_State
2022,80-84,male,former,19720,0.452418096724,0.482422878391,Census_2022_smoking_status_State
2022,80-84,male,never,18437,0.422983389924,0.451036034934,Census_2022_smoking_status_State
2022,80-84,male,not_stated,2711,0.062196017252,,Census_2022_smoking_status_State
