age_group,sex,smoking_status,history_variable,n,mean,sd,minimum,maximum,p05,p25,p50,p75,p95,plco_role,distribution_recommendation,source_dataset,source_processing
50-54,female,current,age_at_initiation,10,15.700000000000,6.832113712299,2.000000000000,29.000000000000,6.950000000000,13.250000000000,14.500000000000,18.750000000000,24.950000000000,derived_history_input,empirical_quantile,code/4. pack_year_distribution_baseline.ipynb,final_notebook_valid_complete_history_summary
50-54,female,current,cigarettes_per_day,10,13.000000000000,5.656854249492,2.000000000000,20.000000000000,5.600000000000,10.000000000000,12.500000000000,17.250000000000,20.000000000000,plcom2012_predictor,empirical_quantile,code/4. pack_year_distribution_baseline.ipynb,final_notebook_valid_complete_history_summary
50-54,female,current,effective_cigarettes_per_day,10,12.479359364930,5.448944840412,1.986524106002,19.552584562877,5.426614004995,9.733263265469,11.480367230874,16.761293073562,19.453562079939,eligibility_adjustment_only,empirical_quantile,code/4. pack_year_distribution_baseline.ipynb,final_notebook_valid_complete_history_summary
50-54,female,current,smoking_duration,10,35.600000000000,7.351492667781,21.000000000000,50.000000000000,25.050000000000,33.250000000000,36.500000000000,38.000000000000,45.050000000000,plcom2012_predictor,empirical_quantile,code/4. pack_year_distribution_baseline.ipynb,final_notebook_valid_complete_history_summary
50-54,female,current,years_since_quitting,10,0.000000000000,0.000000000000,0.000000000000,0.000000000000,0.000000000000,0.000000000000,0.000000000000,0.000000000000,0.000000000000,plcom2012_predictor,structural_zero,code/4. pack_year_distribution_baseline.ipynb,final_notebook_valid_complete_history_summary
50-54,female,current,standard_pack_years,10,22.195000000000,10.228078183771,5.000000000000,38.000000000000,9.837500000000,16.875000000000,19.000000000000,31.125000000000,36.290000000000,derived_validation_measure,empirical_quantile,code/4. pack_year_distribution_baseline.ipynb,final_notebook_valid_complete_history_summary
50-54,female,current,adjusted_pack_years,10,21.416504979601076,10.07682212237255,4.966310265005,37.149910669466,8.951060710510,16.295614052397,18.573948743553,29.993929356442,35.478164689340,eligibility_validation_measure,empirical_quantile,code/4. pack_year_distribution_baseline.ipynb,final_notebook_valid_complete_history_summary
50-54,female,former,age_at_initiation,12,19.083333333333,3.941811612429,15.000000000000,30.000000000000,15.000000000000,17.500000000000,18.500000000000,20.000000000000,25.050000000000,derived_history_input,empirical_quantile,code/4. pack_year_distribution_baseline.ipynb,final_notebook_valid_complete_history_summary
50-54,female,former,age_at_stopping,12,39.627403846154,8.003158758325,26.000000000000,52.000000000000,28.200000000000,34.250000000000,40.000000000000,42.750000000000,52.000000000000,chronology_input,empirical_quantile,code/4. pack_year_distribution_baseline.ipynb,final_notebook_valid_complete_history_summary
50-54,female,former,cigarettes_per_day,12,15.263525327047,5.837513566939,1.000000000000,20.000000000000,5.950000000000,13.750000000000,16.081151962280,20.000000000000,20.000000000000,plcom2012_predictor,empirical_quantile,code/4. pack_year_distribution_baseline.ipynb,final_notebook_valid_complete_history_summary
50-54,female,former,effective_cigarettes_per_day,12,13.124937138306,5.396726484108,0.667128916302,18.358300027522,3.969417051996,12.050224934397,14.179434591966,17.415954959639,18.263337526201,eligibility_adjustment_only,empirical_quantile,code/4. pack_year_distribution_baseline.ipynb,final_notebook_valid_complete_history_summary
50-54,female,former,smoking_duration,12,20.544070512821,7.297479128171,11.000000000000,36.000000000000,11.000000000000,15.500000000000,21.764423076923,24.250000000000,29.950000000000,plcom2012_predictor,empirical_quantile,code/4. pack_year_distribution_baseline.ipynb,final_notebook_valid_complete_history_summary
50-54,female,former,years_since_quitting,12,11.539262820513,7.662126607123,0.000000000000,25.000000000000,1.100000000000,7.250000000000,10.235576923077,16.250000000000,22.800000000000,plcom2012_predictor,empirical_quantile,code/4. pack_year_distribution_baseline.ipynb,final_notebook_valid_complete_history_summary
50-54,female,former,standard_pack_years,12,16.502019170156,8.314418119550,0.550000000000,27.000000000000,3.272500000000,10.375000000000,18.612115020935,22.500000000000,25.900000000000,derived_validation_measure,empirical_quantile,code/4. pack_year_distribution_baseline.ipynb,final_notebook_valid_complete_history_summary
50-54,female,former,adjusted_pack_years,12,14.449246162796289,8.5470187341099,0.366920903966,26.262259493923,2.183179378598,7.240611070879,16.769689904492,20.127440167285,24.439348041187,eligibility_validation_measure,empirical_quantile,code/4. pack_year_distribution_baseline.ipynb,final_notebook_valid_complete_history_summary
50-54,male,current,age_at_initiation,7,21.142857142857,7.470577207253,15.000000000000,36.000000000000,15.600000000000,17.000000000000,17.000000000000,23.000000000000,33.000000000000,derived_history_input,empirical_quantile,code/4. pack_year_distribution_baseline.ipynb,final_notebook_valid_complete_history_summary
50-54,male,current,cigarettes_per_day,7,21.142857142857,13.446543191822,8.000000000000,50.000000000000,10.100000000000,15.000000000000,20.000000000000,20.000000000000,41.000000000000,plcom2012_predictor,empirical_quantile,code/4. pack_year_distribution_baseline.ipynb,final_notebook_valid_complete_history_summary
50-54,male,current,effective_cigarettes_per_day,7,19.760550476745,12.480707889787,7.758420932621,46.639724363013,9.780714938014,14.597886139454,15.962069640107,19.383933061284,38.499465895287,eligibility_adjustment_only,empirical_quantile,code/4. pack_year_distribution_baseline.ipynb,final_notebook_valid_complete_history_summary
50-54,male,current,smoking_duration,7,31.571428571429,7.828519290754,16.000000000000,39.000000000000,19.300000000000,30.000000000000,34.000000000000,36.000000000000,38.400000000000,plcom2012_predictor,empirical_quantile,code/4. pack_year_distribution_baseline.ipynb,final_notebook_valid_complete_history_summary
50-54,male,current,years_since_quitting,7,0.000000000000,0.000000000000,0.000000000000,0.000000000000,0.000000000000,0.000000000000,0.000000000000,0.000000000000,0.000000000000,plcom2012_predictor,structural_zero,code/4. pack_year_distribution_baseline.ipynb,final_notebook_valid_complete_history_summary
50-54,male,current,standard_pack_years,7,31.750000000000,17.868151368660,14.000000000000,67.500000000000,14.600000000000,20.750000000000,29.250000000000,35.000000000000,58.350000000000,derived_validation_measure,empirical_quantile,code/4. pack_year_distribution_baseline.ipynb,final_notebook_valid_complete_history_summary
50-54,male,current,adjusted_pack_years,7,29.645983292393073,16.00186334760671,12.769655712086,60.000000000000,13.011929988086,19.113109124050,28.657924090210,33.934042498178,52.825568856179,eligibility_validation_measure,empirical_quantile,code/4. pack_year_distribution_baseline.ipynb,final_notebook_valid_complete_history_summary
50-54,male,former,age_at_initiation,6,19.333333333333,3.559026084010,15.000000000000,25.000000000000,15.750000000000,18.000000000000,18.000000000000,21.000000000000,24.250000000000,derived_history_input,empirical_quantile,code/4. pack_year_distribution_baseline.ipynb,final_notebook_valid_complete_history_summary
50-54,male,former,age_at_stopping,6,35.166666666667,11.250185183661,22.000000000000,52.000000000000,22.500000000000,26.250000000000,36.500000000000,40.000000000000,49.000000000000,chronology_input,empirical_quantile,code/4. pack_year_distribution_baseline.ipynb,final_notebook_valid_complete_history_summary
50-54,male,former,cigarettes_per_day,6,14.360383987427,8.697366341611,5.000000000000,30.000000000000,6.250000000000,10.000000000000,12.000000000000,16.371727943420,26.790575981140,plcom2012_predictor,empirical_quantile,code/4. pack_year_distribution_baseline.ipynb,final_notebook_valid_complete_history_summary
50-54,male,former,effective_cigarettes_per_day,6,10.861978231787,8.986191589299,3.884349199258,26.675905249130,4.171798639965,5.354769495235,6.493963128851,14.109978582664,24.154314367484,eligibility_adjustment_only,empirical_quantile,code/4. pack_year_distribution_baseline.ipynb,final_notebook_valid_complete_history_summary
50-54,male,former,smoking_duration,6,15.833333333333,10.647378394077,6.000000000000,34.000000000000,6.250000000000,8.000000000000,13.000000000000,20.250000000000,31.000000000000,plcom2012_predictor,empirical_quantile,code/4. pack_year_distribution_baseline.ipynb,final_notebook_valid_complete_history_summary
50-54,male,former,years_since_quitting,6,17.166666666667,12.023587928180,0.000000000000,32.000000000000,2.750000000000,11.250000000000,15.500000000000,26.500000000000,31.250000000000,plcom2012_predictor,empirical_quantile,code/4. pack_year_distribution_baseline.ipynb,final_notebook_valid_complete_history_summary
50-54,male,former,standard_pack_years,6,13.187652778625,13.935217965856,3.500000000000,33.000000000000,3.562500000000,3.862500000000,4.850000000000,23.256937503815,32.043979167938,derived_validation_measure,empirical_quantile,code/4. pack_year_distribution_baseline.ipynb,final_notebook_valid_complete_history_summary
50-54,male,former,adjusted_pack_years,6,11.297521701101438,13.559112685746621,1.761951436730,29.343495774043,1.795211359649,2.149558821165,3.291235469552,22.068967956160,29.058177062614,eligibility_validation_measure,empirical_quantile,code/4. pack_year_distribution_baseline.ipynb,final_notebook_valid_complete_history_summary
55-59,female,current,age_at_initiation,9,15.000000000000,3.041381265149,8.000000000000,18.000000000000,10.400000000000,14.000000000000,15.000000000000,17.000000000000,18.000000000000,derived_history_input,empirical_quantile,code/4. pack_year_distribution_baseline.ipynb,final_notebook_valid_complete_history_summary
55-59,female,current,cigarettes_per_day,9,16.111111111111,6.091888960832,5.000000000000,20.000000000000,6.200000000000,12.000000000000,20.000000000000,20.000000000000,20.000000000000,plcom2012_predictor,empirical_quantile,code/4. pack_year_distribution_baseline.ipynb,final_notebook_valid_complete_history_summary
55-59,female,current,effective_cigarettes_per_day,9,15.837239209849,5.976758340623,4.876382367648,19.777820069235,6.104267990192,11.820053078154,19.552584562877,19.668546491965,19.768473322317,eligibility_adjustment_only,empirical_quantile,code/4. pack_year_distribution_baseline.ipynb,final_notebook_valid_complete_history_summary
55-59,female,current,smoking_duration,9,41.555555555556,4.275251779460,37.000000000000,50.000000000000,37.000000000000,38.000000000000,41.000000000000,44.000000000000,48.000000000000,plcom2012_predictor,empirical_quantile,code/4. pack_year_distribution_baseline.ipynb,final_notebook_valid_complete_history_summary
55-59,female,current,years_since_quitting,9,0.000000000000,0.000000000000,0.000000000000,0.000000000000,0.000000000000,0.000000000000,0.000000000000,0.000000000000,0.000000000000,plcom2012_predictor,structural_zero,code/4. pack_year_distribution_baseline.ipynb,final_notebook_valid_complete_history_summary
55-59,female,current,standard_pack_years,9,33.272222222222,12.309729665774,9.250000000000,45.000000000000,13.550000000000,25.200000000000,38.000000000000,41.000000000000,44.600000000000,derived_validation_measure,empirical_quantile,code/4. pack_year_distribution_baseline.ipynb,final_notebook_valid_complete_history_summary
55-59,female,current,adjusted_pack_years,9,32.72128744970858,12.1189328607954,9.021307380149,44.500095155779,13.358880852097,24.822111464124,37.149910669466,40.320520308528,44.083975911173,eligibility_validation_measure,empirical_quantile,code/4. pack_year_distribution_baseline.ipynb,final_notebook_valid_complete_history_summary
55-59,female,former,age_at_initiation,10,17.900000000000,4.408325456830,14.000000000000,27.000000000000,14.000000000000,14.250000000000,17.500000000000,18.000000000000,25.650000000000,derived_history_input,empirical_quantile,code/4. pack_year_distribution_baseline.ipynb,final_notebook_valid_complete_history_summary
55-59,female,former,age_at_stopping,10,40.600000000000,11.768130220595,23.000000000000,59.000000000000,24.350000000000,32.000000000000,40.000000000000,50.000000000000,54.950000000000,chronology_input,empirical_quantile,code/4. pack_year_distribution_baseline.ipynb,final_notebook_valid_complete_history_summary
55-59,female,former,cigarettes_per_day,10,12.416230392456,5.353263847759,4.000000000000,20.000000000000,4.450000000000,8.500000000000,15.000000000000,15.000000000000,18.723036766052,plcom2012_predictor,empirical_quantile,code/4. pack_year_distribution_baseline.ipynb,final_notebook_valid_complete_history_summary
55-59,female,former,effective_cigarettes_per_day,10,10.337803423475,5.165478895800,3.192413928021,17.293294335268,3.821136413508,6.173544548452,10.638763782290,14.437586737770,16.660731075154,eligibility_adjustment_only,empirical_quantile,code/4. pack_year_distribution_baseline.ipynb,final_notebook_valid_complete_history_summary
55-59,female,former,smoking_duration,10,22.700000000000,10.583530181896,5.000000000000,41.000000000000,8.150000000000,17.000000000000,23.000000000000,25.750000000000,38.750000000000,plcom2012_predictor,empirical_quantile,code/4. pack_year_distribution_baseline.ipynb,final_notebook_valid_complete_history_summary
55-59,female,former,years_since_quitting,10,15.700000000000,11.557104597029,0.000000000000,32.000000000000,2.250000000000,5.000000000000,17.000000000000,25.000000000000,31.100000000000,plcom2012_predictor,empirical_quantile,code/4. pack_year_distribution_baseline.ipynb,final_notebook_valid_complete_history_summary
55-59,female,former,standard_pack_years,10,14.116099510193,9.144217046987,3.200000000000,30.750000000000,3.447500000000,6.062500000000,15.825000000000,19.312500000000,26.952447795868,derived_validation_measure,empirical_quantile,code/4. pack_year_distribution_baseline.ipynb,final_notebook_valid_complete_history_summary
55-59,female,former,adjusted_pack_years,10,12.719441517279398,9.185915930043526,1.475510026078,30.240390231396,1.960799528430,4.578868236045,14.763536671270,16.850104487896,25.926459575251,eligibility_validation_measure,empirical_quantile,code/4. pack_year_distribution_baseline.ipynb,final_notebook_valid_complete_history_summary
55-59,male,current,age_at_initiation,9,19.000000000000,7.582875444052,12.000000000000,35.000000000000,12.800000000000,14.000000000000,17.000000000000,19.000000000000,32.200000000000,derived_history_input,empirical_quantile,code/4. pack_year_distribution_baseline.ipynb,final_notebook_valid_complete_history_summary
55-59,male,current,cigarettes_per_day,9,15.222222222222,6.057593948462,2.000000000000,20.000000000000,5.200000000000,15.000000000000,15.000000000000,20.000000000000,20.000000000000,plcom2012_predictor,empirical_quantile,code/4. pack_year_distribution_baseline.ipynb,final_notebook_valid_complete_history_summary
55-59,male,current,effective_cigarettes_per_day,9,14.756571084364,6.027347163000,1.865588974521,19.700088463590,5.029870297288,12.969970751451,14.833365051926,19.633687222225,19.700088463590,eligibility_adjustment_only,empirical_quantile,code/4. pack_year_distribution_baseline.ipynb,final_notebook_valid_complete_history_summary
55-59,male,current,smoking_duration,9,37.000000000000,8.108637370113,20.000000000000,45.000000000000,22.800000000000,38.000000000000,40.000000000000,42.000000000000,43.800000000000,plcom2012_predictor,empirical_quantile,code/4. pack_year_distribution_baseline.ipynb,final_notebook_valid_complete_history_summary
55-59,male,current,years_since_quitting,9,0.000000000000,0.000000000000,0.000000000000,0.000000000000,0.000000000000,0.000000000000,0.000000000000,0.000000000000,0.000000000000,plcom2012_predictor,structural_zero,code/4. pack_year_distribution_baseline.ipynb,final_notebook_valid_complete_history_summary
55-59,male,current,standard_pack_years,9,29.300000000000,14.095677528945,2.700000000000,42.000000000000,7.620000000000,19.000000000000,33.750000000000,40.000000000000,42.000000000000,derived_validation_measure,empirical_quantile,code/4. pack_year_distribution_baseline.ipynb,final_notebook_valid_complete_history_summary
55-59,male,current,adjusted_pack_years,9,28.59684301053467,14.149148562082203,2.518545115603,41.370185773540,6.699115369942,18.574955334733,33.375071366834,39.267374444451,41.370185773540,eligibility_validation_measure,empirical_quantile,code/4. pack_year_distribution_baseline.ipynb,final_notebook_valid_complete_history_summary
55-59,male,former,age_at_initiation,9,16.333333333333,3.391164991563,12.000000000000,24.000000000000,12.800000000000,14.000000000000,17.000000000000,17.000000000000,21.200000000000,derived_history_input,empirical_quantile,code/4. pack_year_distribution_baseline.ipynb,final_notebook_valid_complete_history_summary
55-59,male,former,age_at_stopping,9,35.000000000000,8.958236433584,24.000000000000,53.000000000000,24.400000000000,30.000000000000,33.000000000000,40.000000000000,47.800000000000,chronology_input,empirical_quantile,code/4. pack_year_distribution_baseline.ipynb,final_notebook_valid_complete_history_summary
55-59,male,former,cigarettes_per_day,9,17.924956427680,10.039626397368,1.000000000000,38.000000000000,3.800000000000,17.162303924561,20.000000000000,20.000000000000,30.800000000000,plcom2012_predictor,empirical_quantile,code/4. pack_year_distribution_baseline.ipynb,final_notebook_valid_complete_history_summary
55-59,male,former,effective_cigarettes_per_day,9,14.501707416703,8.600808714665,0.798103482005,30.327932316203,2.241009404028,11.868606805188,15.060669485367,17.994823125544,26.064177986508,eligibility_adjustment_only,empirical_quantile,code/4. pack_year_distribution_baseline.ipynb,final_notebook_valid_complete_history_summary
55-59,male,former,smoking_duration,9,18.666666666667,9.695359714833,8.000000000000,41.000000000000,8.400000000000,16.000000000000,16.000000000000,21.000000000000,33.800000000000,plcom2012_predictor,empirical_quantile,code/4. pack_year_distribution_baseline.ipynb,final_notebook_valid_complete_history_summary
55-59,male,former,years_since_quitting,9,20.555555555556,9.422196016735,2.000000000000,32.000000000000,7.200000000000,15.000000000000,22.000000000000,26.000000000000,31.600000000000,plcom2012_predictor,empirical_quantile,code/4. pack_year_distribution_baseline.ipynb,final_notebook_valid_complete_history_summary
55-59,male,former,standard_pack_years,9,17.461140251160,12.841637980084,0.800000000000,41.000000000000,1.760000000000,9.000000000000,18.000000000000,23.000000000000,36.760000000000,derived_validation_measure,empirical_quantile,code/4. pack_year_distribution_baseline.ipynb,final_notebook_valid_complete_history_summary
55-59,male,former,adjusted_pack_years,9,14.979397167490744,12.5056617721949,0.638482785604,40.320520308528,1.087948597293,5.340873062335,15.024620012011,20.694046594376,33.897250526302,eligibility_validation_measure,empirical_quantile,code/4. pack_year_distribution_baseline.ipynb,final_notebook_valid_complete_history_summary
60-64,female,current,age_at_initiation,6,17.000000000000,2.529822128135,14.000000000000,20.000000000000,14.000000000000,14.750000000000,17.500000000000,18.750000000000,19.750000000000,derived_history_input,empirical_quantile,code/4. pack_year_distribution_baseline.ipynb,final_notebook_valid_complete_history_summary
60-64,female,current,cigarettes_per_day,6,10.684162139893,3.578891867880,5.000000000000,15.000000000000,6.250000000000,10.000000000000,10.000000000000,13.078729629517,14.776243209839,plcom2012_predictor,empirical_quantile,code/4. pack_year_distribution_baseline.ipynb,final_notebook_valid_complete_history_summary
60-64,female,current,effective_cigarettes_per_day,6,10.552058727605,3.549078401532,4.917136622991,14.796471614817,6.146420778739,9.838215992436,9.887789200543,12.973052902888,14.594576831301,eligibility_adjustment_only,empirical_quantile,code/4. pack_year_distribution_baseline.ipynb,final_notebook_valid_complete_history_summary
60-64,female,current,smoking_duration,6,44.000000000000,3.577708764000,41.000000000000,49.000000000000,41.000000000000,41.250000000000,42.500000000000,46.750000000000,48.750000000000,plcom2012_predictor,empirical_quantile,code/4. pack_year_distribution_baseline.ipynb,final_notebook_valid_complete_history_summary
60-64,female,current,years_since_quitting,6,0.000000000000,0.000000000000,0.000000000000,0.000000000000,0.000000000000,0.000000000000,0.000000000000,0.000000000000,0.000000000000,plcom2012_predictor,structural_zero,code/4. pack_year_distribution_baseline.ipynb,final_notebook_valid_complete_history_summary
60-64,female,current,standard_pack_years,6,23.725322469076,8.662943300198,10.250000000000,33.851934814453,12.812500000000,20.625000000000,22.750000000000,30.312500000000,33.451451110840,derived_validation_measure,empirical_quantile,code/4. pack_year_distribution_baseline.ipynb,final_notebook_valid_complete_history_summary
60-64,female,current,adjusted_pack_years,6,23.438132959765824,8.606792134889726,10.080130077132,33.573341953810,12.600162596415,20.291468337390,22.501325800766,29.938700157583,33.133109958322,eligibility_validation_measure,empirical_quantile,code/4. pack_year_distribution_baseline.ipynb,final_notebook_valid_complete_history_summary
60-64,female,former,age_at_initiation,8,17.750000000000,4.773438413315,10.000000000000,25.000000000000,11.400000000000,15.500000000000,17.500000000000,20.000000000000,24.300000000000,derived_history_input,empirical_quantile,code/4. pack_year_distribution_baseline.ipynb,final_notebook_valid_complete_history_summary
60-64,female,former,age_at_stopping,8,46.125000000000,15.733835242196,20.000000000000,62.000000000000,22.800000000000,37.000000000000,50.500000000000,58.500000000000,61.300000000000,chronology_input,empirical_quantile,code/4. pack_year_distribution_baseline.ipynb,final_notebook_valid_complete_history_summary
60-64,female,former,cigarettes_per_day,8,18.770287990570,18.442787928415,1.000000000000,60.000000000000,1.350000000000,8.000000000000,18.581151962280,20.000000000000,46.000000000000,plcom2012_predictor,empirical_quantile,code/4. pack_year_distribution_baseline.ipynb,final_notebook_valid_complete_history_summary
60-64,female,former,effective_cigarettes_per_day,8,17.670166378708,18.402663397621,0.889196841638,59.263359605816,1.020462338244,7.064118951493,15.923215330053,19.527937545716,45.379490363660,eligibility_adjustment_only,empirical_quantile,code/4. pack_year_distribution_baseline.ipynb,final_notebook_valid_complete_history_summary
60-64,female,former,smoking_duration,8,28.375000000000,12.749649855136,10.000000000000,44.000000000000,11.400000000000,20.000000000000,30.000000000000,38.250000000000,42.250000000000,plcom2012_predictor,empirical_quantile,code/4. pack_year_distribution_baseline.ipynb,final_notebook_valid_complete_history_summary
60-64,female,former,years_since_quitting,8,14.750000000000,14.858859790903,1.000000000000,40.000000000000,1.350000000000,3.500000000000,9.500000000000,23.000000000000,37.200000000000,plcom2012_predictor,empirical_quantile,code/4. pack_year_distribution_baseline.ipynb,final_notebook_valid_complete_history_summary
60-64,female,former,standard_pack_years,8,33.526047182083,42.620919684242,1.000000000000,132.000000000000,1.035000000000,8.900000000000,23.304188728333,37.500000000000,99.450000000000,derived_validation_measure,empirical_quantile,code/4. pack_year_distribution_baseline.ipynb,final_notebook_valid_complete_history_summary
60-64,female,former,adjusted_pack_years,8,23.584950093103572,21.206894181013364,0.632120558829,60.000000000000,0.753219147269,8.004796604341,21.213272694400,36.616563503851,52.373697908765,eligibility_validation_measure,empirical_quantile,code/4. pack_year_distribution_baseline.ipynb,final_notebook_valid_complete_history_summary
60-64,male,current,age_at_initiation,7,14.000000000000,5.099019513593,3.000000000000,18.000000000000,6.000000000000,14.000000000000,16.000000000000,16.500000000000,17.700000000000,derived_history_input,empirical_quantile,code/4. pack_year_distribution_baseline.ipynb,final_notebook_valid_complete_history_summary
60-64,male,current,cigarettes_per_day,7,19.428571428571,13.439458605876,1.000000000000,45.000000000000,3.700000000000,15.000000000000,20.000000000000,20.000000000000,37.500000000000,plcom2012_predictor,empirical_quantile,code/4. pack_year_distribution_baseline.ipynb,final_notebook_valid_complete_history_summary
60-64,male,current,effective_cigarettes_per_day,7,19.233447796334,13.316218601386,0.996654034543,44.590712530424,3.667502316946,14.814055231155,19.754453201939,19.832102172563,37.173071089302,eligibility_adjustment_only,empirical_quantile,code/4. pack_year_distribution_baseline.ipynb,final_notebook_valid_complete_history_summary
60-64,male,current,smoking_duration,7,47.571428571429,4.720774754817,43.000000000000,57.000000000000,43.300000000000,45.000000000000,46.000000000000,48.500000000000,54.900000000000,plcom2012_predictor,empirical_quantile,code/4. pack_year_distribution_baseline.ipynb,final_notebook_valid_complete_history_summary
60-64,male,current,years_since_quitting,7,0.000000000000,0.000000000000,0.000000000000,0.000000000000,0.000000000000,0.000000000000,0.000000000000,0.000000000000,0.000000000000,plcom2012_predictor,structural_zero,code/4. pack_year_distribution_baseline.ipynb,final_notebook_valid_complete_history_summary
60-64,male,current,standard_pack_years,7,44.942857142857,31.575734731112,2.850000000000,105.750000000000,8.895000000000,33.000000000000,44.000000000000,48.000000000000,89.025000000000,derived_validation_measure,empirical_quantile,code/4. pack_year_distribution_baseline.ipynb,final_notebook_valid_complete_history_summary
60-64,male,current,adjusted_pack_years,7,38.09804842697894,19.12360592124842,2.840463998446,60.000000000000,8.818967132274,32.592679870174,43.459797044265,47.600359102896,56.898930795014,eligibility_validation_measure,empirical_quantile,code/4. pack_year_distribution_baseline.ipynb,final_notebook_valid_complete_history_summary
60-64,male,former,age_at_initiation,11,16.636363636364,2.062654952857,14.000000000000,21.000000000000,14.000000000000,15.500000000000,16.000000000000,18.000000000000,19.500000000000,derived_history_input,empirical_quantile,code/4. pack_year_distribution_baseline.ipynb,final_notebook_valid_complete_history_summary
60-64,male,former,age_at_stopping,11,48.818181818182,13.029337525893,21.000000000000,63.000000000000,25.500000000000,46.000000000000,52.000000000000,56.500000000000,62.000000000000,chronology_input,empirical_quantile,code/4. pack_year_distribution_baseline.ipynb,final_notebook_valid_complete_history_summary
60-64,male,former,cigarettes_per_day,11,19.771537433971,10.156689472780,3.000000000000,40.000000000000,5.500000000000,16.081151962280,17.162303924561,25.000000000000,35.000000000000,plcom2012_predictor,empirical_quantile,code/4. pack_year_distribution_baseline.ipynb,final_notebook_valid_complete_history_summary
60-64,male,former,effective_cigarettes_per_day,11,17.499206107666,9.019516746347,2.899880190119,30.136121442336,4.826360296564,11.253337818545,16.971647949674,23.694112979542,29.732499143325,eligibility_adjustment_only,empirical_quantile,code/4. pack_year_distribution_baseline.ipynb,final_notebook_valid_complete_history_summary
60-64,male,former,smoking_duration,11,32.181818181818,12.424316333853,5.000000000000,45.000000000000,9.500000000000,30.000000000000,36.000000000000,39.000000000000,44.000000000000,plcom2012_predictor,empirical_quantile,code/4. pack_year_distribution_baseline.ipynb,final_notebook_valid_complete_history_summary
60-64,male,former,years_since_quitting,11,13.272727272727,12.697172197705,0.000000000000,41.000000000000,0.500000000000,5.000000000000,11.000000000000,15.500000000000,36.000000000000,plcom2012_predictor,empirical_quantile,code/4. pack_year_distribution_baseline.ipynb,final_notebook_valid_complete_history_summary
60-64,male,former,standard_pack_years,11,29.933103388006,16.439686073777,4.290575981140,57.000000000000,4.695287990570,21.200000000000,32.500000000000,40.807591915131,50.375000000000,derived_validation_measure,empirical_quantile,code/4. pack_year_distribution_baseline.ipynb,final_notebook_valid_complete_history_summary
60-64,male,former,adjusted_pack_years,11,28.3538056894925,16.66318571709771,1.688210100752,55.724866004199,3.309003211977,17.550911703197,30.086108708034,40.301379924621,49.076865239736,eligibility_validation_measure,empirical_quantile,code/4. pack_year_distribution_baseline.ipynb,final_notebook_valid_complete_history_summary
65-69,female,current,age_at_initiation,6,20.666666666667,4.802776974487,17.000000000000,30.000000000000,17.250000000000,18.000000000000,19.000000000000,20.750000000000,27.750000000000,derived_history_input,empirical_quantile,code/4. pack_year_distribution_baseline.ipynb,final_notebook_valid_complete_history_summary
65-69,female,current,cigarettes_per_day,6,10.333333333333,4.966554808584,5.000000000000,17.000000000000,5.000000000000,6.250000000000,10.000000000000,13.750000000000,16.500000000000,plcom2012_predictor,empirical_quantile,code/4. pack_year_distribution_baseline.ipynb,final_notebook_valid_complete_history_summary
65-69,female,current,effective_cigarettes_per_day,6,10.187100169148,4.833970466014,4.938613300485,16.486644481821,4.945537541615,6.199603109392,9.916051086281,13.657353228763,16.089716060119,eligibility_adjustment_only,empirical_quantile,code/4. pack_year_distribution_baseline.ipynb,final_notebook_valid_complete_history_summary
65-69,female,current,smoking_duration,6,45.833333333333,5.879342366852,35.000000000000,50.000000000000,37.250000000000,44.500000000000,48.000000000000,50.000000000000,50.000000000000,plcom2012_predictor,empirical_quantile,code/4. pack_year_distribution_baseline.ipynb,final_notebook_valid_complete_history_summary
65-69,female,current,years_since_quitting,6,0.000000000000,0.000000000000,0.000000000000,0.000000000000,0.000000000000,0.000000000000,0.000000000000,0.000000000000,0.000000000000,plcom2012_predictor,structural_zero,code/4. pack_year_distribution_baseline.ipynb,final_notebook_valid_complete_history_summary
65-69,female,current,standard_pack_years,6,23.125000000000,10.138725265042,11.000000000000,37.500000000000,11.375000000000,15.125000000000,24.000000000000,28.562500000000,35.562500000000,derived_validation_measure,empirical_quantile,code/4. pack_year_distribution_baseline.ipynb,final_notebook_valid_complete_history_summary
65-69,female,current,adjusted_pack_years,6,22.83000647619905,9.997477474629429,10.864949261066,37.247326987534,11.252655861428,15.004033691352,23.800179551448,27.846608713645,35.148402201447,eligibility_validation_measure,empirical_quantile,code/4. pack_year_distribution_baseline.ipynb,final_notebook_valid_complete_history_summary
65-69,female,former,age_at_initiation,8,16.625000000000,3.461523198990,12.000000000000,22.000000000000,12.700000000000,14.000000000000,16.000000000000,19.250000000000,21.300000000000,derived_history_input,empirical_quantile,code/4. pack_year_distribution_baseline.ipynb,final_notebook_valid_complete_history_summary
65-69,female,former,age_at_stopping,8,40.500000000000,14.481515311399,19.000000000000,60.000000000000,21.450000000000,30.500000000000,42.500000000000,50.500000000000,57.200000000000,chronology_input,empirical_quantile,code/4. pack_year_distribution_baseline.ipynb,final_notebook_valid_complete_history_summary
65-69,female,former,cigarettes_per_day,8,15.625000000000,9.738546386103,1.000000000000,30.000000000000,2.050000000000,8.500000000000,20.000000000000,20.000000000000,26.500000000000,plcom2012_predictor,empirical_quantile,code/4. pack_year_distribution_baseline.ipynb,final_notebook_valid_complete_history_summary
65-69,female,former,effective_cigarettes_per_day,8,14.261213296368,9.764427049702,0.393469340287,29.328876844315,1.310519321669,6.579926834945,17.318206374580,19.435185389384,25.907174545812,eligibility_adjustment_only,empirical_quantile,code/4. pack_year_distribution_baseline.ipynb,final_notebook_valid_complete_history_summary
65-69,female,former,smoking_duration,8,23.875000000000,13.010298118908,5.000000000000,38.000000000000,8.150000000000,14.750000000000,23.000000000000,35.750000000000,38.000000000000,plcom2012_predictor,empirical_quantile,code/4. pack_year_distribution_baseline.ipynb,final_notebook_valid_complete_history_summary
65-69,female,former,years_since_quitting,8,26.500000000000,14.352700094407,5.000000000000,48.000000000000,9.200000000000,17.750000000000,25.000000000000,35.000000000000,45.550000000000,plcom2012_predictor,empirical_quantile,code/4. pack_year_distribution_baseline.ipynb,final_notebook_valid_complete_history_summary
65-69,female,former,standard_pack_years,8,23.318750000000,20.064324015882,0.250000000000,57.000000000000,1.142500000000,6.325000000000,23.000000000000,35.750000000000,50.350000000000,derived_validation_measure,empirical_quantile,code/4. pack_year_distribution_baseline.ipynb,final_notebook_valid_complete_history_summary
65-69,female,former,adjusted_pack_years,8,19.567645579153165,20.13095451885335,0.098367335072,55.724866004199,0.802273743134,4.897274974406,20.628261161787,34.744796352531,49.223631637042,eligibility_validation_measure,empirical_quantile,code/4. pack_year_distribution_baseline.ipynb,final_notebook_valid_complete_history_summary
65-69,male,current,age_at_initiation,7,22.571428571429,8.904252595570,12.000000000000,35.000000000000,12.900000000000,16.500000000000,18.000000000000,30.000000000000,33.500000000000,derived_history_input,empirical_quantile,code/4. pack_year_distribution_baseline.ipynb,final_notebook_valid_complete_history_summary
65-69,male,current,cigarettes_per_day,7,22.014996119908,7.706381334994,14.104972839355,35.000000000000,14.373480987549,17.500000000000,20.000000000000,25.000000000000,33.500000000000,plcom2012_predictor,empirical_quantile,code/4. pack_year_distribution_baseline.ipynb,final_notebook_valid_complete_history_summary
65-69,male,current,effective_cigarettes_per_day,7,21.627098617644,7.674695025482,13.402727592276,34.806920245273,13.848399690774,17.170913402495,19.818094457966,24.510060611500,33.093067720890,eligibility_adjustment_only,empirical_quantile,code/4. pack_year_distribution_baseline.ipynb,final_notebook_valid_complete_history_summary
65-69,male,current,smoking_duration,7,43.571428571429,9.846440014156,30.000000000000,56.000000000000,31.500000000000,35.500000000000,47.000000000000,50.500000000000,54.800000000000,plcom2012_predictor,empirical_quantile,code/4. pack_year_distribution_baseline.ipynb,final_notebook_valid_complete_history_summary
65-69,male,current,years_since_quitting,7,0.000000000000,0.000000000000,0.000000000000,0.000000000000,0.000000000000,0.000000000000,0.000000000000,0.000000000000,0.000000000000,plcom2012_predictor,structural_zero,code/4. pack_year_distribution_baseline.ipynb,final_notebook_valid_complete_history_summary
65-69,male,current,standard_pack_years,7,48.629637037005,22.070188769174,21.157459259033,91.000000000000,25.610221481323,36.375000000000,47.000000000000,54.250000000000,80.500000000000,derived_validation_measure,empirical_quantile,code/4. pack_year_distribution_baseline.ipynb,final_notebook_valid_complete_history_summary
65-69,male,current,adjusted_pack_years,7,43.553836347268565,13.88305667114491,20.104091388413,60.000000000000,24.577767769459,35.746342032020,46.572521976220,53.353778501103,58.737875889563,eligibility_validation_measure,empirical_quantile,code/4. pack_year_distribution_baseline.ipynb,final_notebook_valid_complete_history_summary
65-69,male,former,age_at_initiation,24,15.291666666667,3.196182052097,8.000000000000,22.000000000000,10.300000000000,14.000000000000,15.000000000000,17.250000000000,19.850000000000,derived_history_input,empirical_quantile,code/4. pack_year_distribution_baseline.ipynb,final_notebook_valid_complete_history_summary
65-69,male,former,age_at_stopping,24,41.791666666667,12.645601285983,20.000000000000,65.000000000000,22.600000000000,32.000000000000,40.000000000000,46.500000000000,64.250000000000,chronology_input,empirical_quantile,code/4. pack_year_distribution_baseline.ipynb,final_notebook_valid_complete_history_summary
65-69,male,former,cigarettes_per_day,24,26.221858660380,18.664111613607,10.000000000000,100.000000000000,10.000000000000,15.000000000000,20.000000000000,31.250000000000,40.000000000000,plcom2012_predictor,empirical_quantile,code/4. pack_year_distribution_baseline.ipynb,final_notebook_valid_complete_history_summary
65-69,male,former,effective_cigarettes_per_day,24,23.302819944321,19.212428846096,7.274682069660,99.177025295098,7.734852734280,12.226140152163,16.531441923356,28.425121661709,38.566586411142,eligibility_adjustment_only,empirical_quantile,code/4. pack_year_distribution_baseline.ipynb,final_notebook_valid_complete_history_summary
65-69,male,former,smoking_duration,24,26.500000000000,14.273721674279,7.000000000000,57.000000000000,8.300000000000,13.750000000000,25.500000000000,31.750000000000,52.250000000000,plcom2012_predictor,empirical_quantile,code/4. pack_year_distribution_baseline.ipynb,final_notebook_valid_complete_history_summary
65-69,male,former,years_since_quitting,24,25.375000000000,12.139810542179,3.000000000000,49.000000000000,4.750000000000,19.750000000000,26.000000000000,35.000000000000,42.550000000000,plcom2012_predictor,empirical_quantile,code/4. pack_year_distribution_baseline.ipynb,final_notebook_valid_complete_history_summary
65-69,male,former,standard_pack_years,24,39.306031862895,47.996192335721,5.250000000000,240.000000000000,6.725000000000,10.991623163223,28.500000000000,46.000000000000,82.875000000000,derived_validation_measure,empirical_quantile,code/4. pack_year_distribution_baseline.ipynb,final_notebook_valid_complete_history_summary
65-69,male,former,adjusted_pack_years,24,28.251678327574037,20.466949447318335,2.642927155095,60.000000000000,4.453844545795,8.939473077811,24.875612057257,44.629291266412,60.000000000000,eligibility_validation_measure,empirical_quantile,code/4. pack_year_distribution_baseline.ipynb,final_notebook_valid_complete_history_summary
70-74,female,current,age_at_initiation,4,21.250000000000,10.111874208078,12.000000000000,30.000000000000,12.150000000000,12.750000000000,21.500000000000,30.000000000000,30.000000000000,derived_history_input,empirical_quantile,code/4. pack_year_distribution_baseline.ipynb,final_notebook_valid_complete_history_summary
70-74,female,current,cigarettes_per_day,4,11.500000000000,6.191391873669,6.000000000000,20.000000000000,6.300000000000,7.500000000000,10.000000000000,14.000000000000,18.800000000000,plcom2012_predictor,empirical_quantile,code/4. pack_year_distribution_baseline.ipynb,final_notebook_valid_complete_history_summary
70-74,female,current,effective_cigarettes_per_day,4,11.418987283419,6.187406075427,5.910026539077,19.933080690851,6.220548055604,7.462634121709,9.916420951875,13.872774113585,18.721019375397,eligibility_adjustment_only,empirical_quantile,code/4. pack_year_distribution_baseline.ipynb,final_notebook_valid_complete_history_summary
70-74,female,current,smoking_duration,4,50.750000000000,9.069178573609,42.000000000000,60.000000000000,42.300000000000,43.500000000000,50.500000000000,57.750000000000,59.550000000000,plcom2012_predictor,empirical_quantile,code/4. pack_year_distribution_baseline.ipynb,final_notebook_valid_complete_history_summary
70-74,female,current,years_since_quitting,4,0.000000000000,0.000000000000,0.000000000000,0.000000000000,0.000000000000,0.000000000000,0.000000000000,0.000000000000,0.000000000000,plcom2012_predictor,structural_zero,code/4. pack_year_distribution_baseline.ipynb,final_notebook_valid_complete_history_summary
70-74,female,current,standard_pack_years,4,30.000000000000,18.979989462589,12.600000000000,57.000000000000,14.310000000000,21.150000000000,25.200000000000,34.050000000000,52.410000000000,derived_validation_measure,empirical_quantile,code/4. pack_year_distribution_baseline.ipynb,final_notebook_valid_complete_history_summary
70-74,female,current,adjusted_pack_years,4,29.809180968826276,18.9743595121429,12.411055732062,56.809279968924,14.140473864417,21.058146393836,25.008194087160,33.759228662150,52.199269707569,eligibility_validation_measure,empirical_quantile,code/4. pack_year_distribution_baseline.ipynb,final_notebook_valid_complete_history_summary
70-74,female,former,age_at_initiation,7,16.571428571429,4.117326918327,10.000000000000,20.000000000000,10.600000000000,14.000000000000,18.000000000000,20.000000000000,20.000000000000,derived_history_input,empirical_quantile,code/4. pack_year_distribution_baseline.ipynb,final_notebook_valid_complete_history_summary
70-74,female,former,age_at_stopping,7,47.857142857143,10.415190371577,32.000000000000,60.000000000000,33.500000000000,41.000000000000,50.000000000000,55.500000000000,59.100000000000,chronology_input,empirical_quantile,code/4. pack_year_distribution_baseline.ipynb,final_notebook_valid_complete_history_summary
70-74,female,former,cigarettes_per_day,7,16.428571428571,3.779644730092,10.000000000000,20.000000000000,11.500000000000,15.000000000000,15.000000000000,20.000000000000,20.000000000000,plcom2012_predictor,empirical_quantile,code/4. pack_year_distribution_baseline.ipynb,final_notebook_valid_complete_history_summary
70-74,female,former,effective_cigarettes_per_day,7,14.970732269262,4.036938180294,9.449767799436,19.700088463590,9.759463506000,12.367640397900,14.863570843475,18.023208991268,19.700088463590,eligibility_adjustment_only,empirical_quantile,code/4. pack_year_distribution_baseline.ipynb,final_notebook_valid_complete_history_summary
70-74,female,former,smoking_duration,7,31.285714285714,13.288018233410,12.000000000000,47.000000000000,13.500000000000,23.000000000000,30.000000000000,42.000000000000,45.500000000000,plcom2012_predictor,empirical_quantile,code/4. pack_year_distribution_baseline.ipynb,final_notebook_valid_complete_history_summary
70-74,female,former,years_since_quitting,7,24.142857142857,11.364103886486,10.000000000000,42.000000000000,11.200000000000,15.500000000000,24.000000000000,31.000000000000,39.300000000000,plcom2012_predictor,empirical_quantile,code/4. pack_year_distribution_baseline.ipynb,final_notebook_valid_complete_history_summary
70-74,female,former,standard_pack_years,7,26.035714285714,13.614046492677,9.000000000000,42.000000000000,10.650000000000,15.750000000000,22.500000000000,38.625000000000,42.000000000000,derived_validation_measure,empirical_quantile,code/4. pack_year_distribution_baseline.ipynb,final_notebook_valid_complete_history_summary
70-74,female,former,adjusted_pack_years,7,24.705049926291995,14.422919948736109,6.289252092790,41.370185773540,8.513125457708,13.798271700143,21.379790961723,38.149788627853,41.370185773540,eligibility_validation_measure,empirical_quantile,code/4. pack_year_distribution_baseline.ipynb,final_notebook_valid_complete_history_summary
70-74,male,current,age_at_initiation,3,15.000000000000,0.000000000000,15.000000000000,15.000000000000,15.000000000000,15.000000000000,15.000000000000,15.000000000000,15.000000000000,derived_history_input,empirical_quantile,code/4. pack_year_distribution_baseline.ipynb,final_notebook_valid_complete_history_summary
70-74,male,current,cigarettes_per_day,3,12.666666666667,7.505553499465,5.000000000000,20.000000000000,5.800000000000,9.000000000000,13.000000000000,16.500000000000,19.300000000000,plcom2012_predictor,empirical_quantile,code/4. pack_year_distribution_baseline.ipynb,final_notebook_valid_complete_history_summary
70-74,male,current,effective_cigarettes_per_day,3,12.624429540656,7.482424629840,4.979566142808,19.933080690851,5.777673707358,8.970103965559,12.960641788310,16.446861239580,19.235836800597,eligibility_adjustment_only,empirical_quantile,code/4. pack_year_distribution_baseline.ipynb,final_notebook_valid_complete_history_summary
70-74,male,current,smoking_duration,3,56.666666666667,1.527525231652,55.000000000000,58.000000000000,55.200000000000,56.000000000000,57.000000000000,57.500000000000,57.900000000000,plcom2012_predictor,empirical_quantile,code/4. pack_year_distribution_baseline.ipynb,final_notebook_valid_complete_history_summary
70-74,male,current,years_since_quitting,3,0.000000000000,0.000000000000,0.000000000000,0.000000000000,0.000000000000,0.000000000000,0.000000000000,0.000000000000,0.000000000000,plcom2012_predictor,structural_zero,code/4. pack_year_distribution_baseline.ipynb,final_notebook_valid_complete_history_summary
70-74,male,current,standard_pack_years,3,36.150000000000,21.666621794825,13.750000000000,57.000000000000,16.145000000000,25.725000000000,37.700000000000,47.350000000000,55.070000000000,derived_validation_measure,empirical_quantile,code/4. pack_year_distribution_baseline.ipynb,final_notebook_valid_complete_history_summary
70-74,male,current,adjusted_pack_years,3,36.02964934924819,21.599822941567442,13.693806892721,56.809279968924,16.083012322059,25.639834039410,37.585861186099,47.197570577512,54.886938090642,eligibility_validation_measure,empirical_quantile,code/4. pack_year_distribution_baseline.ipynb,final_notebook_valid_complete_history_summary
70-74,male,former,age_at_initiation,12,15.666666666667,5.613835722138,8.000000000000,30.000000000000,8.000000000000,13.750000000000,15.500000000000,17.250000000000,23.400000000000,derived_history_input,empirical_quantile,code/4. pack_year_distribution_baseline.ipynb,final_notebook_valid_complete_history_summary
70-74,male,former,age_at_stopping,12,45.333333333333,11.300308389463,30.000000000000,60.000000000000,30.000000000000,37.500000000000,47.500000000000,54.250000000000,60.000000000000,chronology_input,empirical_quantile,code/4. pack_year_distribution_baseline.ipynb,final_notebook_valid_complete_history_summary
70-74,male,former,cigarettes_per_day,12,25.790575981140,9.466631899512,17.162303924561,40.000000000000,17.162303924561,19.290575981140,20.000000000000,32.500000000000,40.000000000000,plcom2012_predictor,empirical_quantile,code/4. pack_year_distribution_baseline.ipynb,final_notebook_valid_complete_history_summary
70-74,male,former,effective_cigarettes_per_day,12,23.327113675214,8.044933036887,15.753536230530,37.311779490410,16.337289652311,18.614803259735,19.652246377850,25.843536727691,36.584606208783,eligibility_adjustment_only,empirical_quantile,code/4. pack_year_distribution_baseline.ipynb,final_notebook_valid_complete_history_summary
70-74,male,former,smoking_duration,12,29.666666666667,10.516941599441,14.000000000000,46.000000000000,14.000000000000,22.750000000000,29.500000000000,37.500000000000,43.800000000000,plcom2012_predictor,empirical_quantile,code/4. pack_year_distribution_baseline.ipynb,final_notebook_valid_complete_history_summary
70-74,male,former,years_since_quitting,12,26.166666666667,11.915103733065,10.000000000000,44.000000000000,10.550000000000,16.750000000000,25.000000000000,34.750000000000,42.350000000000,plcom2012_predictor,empirical_quantile,code/4. pack_year_distribution_baseline.ipynb,final_notebook_valid_complete_history_summary
70-74,male,former,standard_pack_years,12,35.463350900014,10.931784862998,19.600000000000,54.000000000000,20.370000000000,29.363219976425,35.520419120789,44.500000000000,49.600000000000,derived_validation_measure,empirical_quantile,code/4. pack_year_distribution_baseline.ipynb,final_notebook_valid_complete_history_summary
70-74,male,former,adjusted_pack_years,12,32.97622818079278,11.255220553465678,14.766699506745,50.370902312054,15.346819844509,27.944687176560,34.721738331635,39.690519071231,47.712594596085,eligibility_validation_measure,empirical_quantile,code/4. pack_year_distribution_baseline.ipynb,final_notebook_valid_complete_history_summary
75-79,female,current,age_at_initiation,1,20.000000000000,,20.000000000000,20.000000000000,20.000000000000,20.000000000000,20.000000000000,20.000000000000,20.000000000000,derived_history_input,empirical_quantile,code/4. pack_year_distribution_baseline.ipynb,final_notebook_valid_complete_history_summary
75-79,female,current,cigarettes_per_day,1,15.000000000000,,15.000000000000,15.000000000000,15.000000000000,15.000000000000,15.000000000000,15.000000000000,15.000000000000,plcom2012_predictor,empirical_quantile,code/4. pack_year_distribution_baseline.ipynb,final_notebook_valid_complete_history_summary
75-79,female,current,effective_cigarettes_per_day,1,14.938698428423,,14.938698428423,14.938698428423,14.938698428423,14.938698428423,14.938698428423,14.938698428423,14.938698428423,eligibility_adjustment_only,empirical_quantile,code/4. pack_year_distribution_baseline.ipynb,final_notebook_valid_complete_history_summary
75-79,female,current,smoking_duration,1,55.000000000000,,55.000000000000,55.000000000000,55.000000000000,55.000000000000,55.000000000000,55.000000000000,55.000000000000,plcom2012_predictor,empirical_quantile,code/4. pack_year_distribution_baseline.ipynb,final_notebook_valid_complete_history_summary
75-79,female,current,years_since_quitting,1,0.000000000000,,0.000000000000,0.000000000000,0.000000000000,0.000000000000,0.000000000000,0.000000000000,0.000000000000,plcom2012_predictor,structural_zero,code/4. pack_year_distribution_baseline.ipynb,final_notebook_valid_complete_history_summary
75-79,female,current,standard_pack_years,1,41.250000000000,,41.250000000000,41.250000000000,41.250000000000,41.250000000000,41.250000000000,41.250000000000,41.250000000000,derived_validation_measure,empirical_quantile,code/4. pack_year_distribution_baseline.ipynb,final_notebook_valid_complete_history_summary
75-79,female,current,adjusted_pack_years,1,41.08142067816336,24.762311153281203,41.081420678163,41.081420678163,41.081420678163,41.081420678163,41.081420678163,41.081420678163,41.081420678163,eligibility_validation_measure,empirical_quantile,code/4. pack_year_distribution_baseline.ipynb,final_notebook_valid_complete_history_summary
75-79,female,former,age_at_initiation,3,18.000000000000,2.000000000000,16.000000000000,20.000000000000,16.200000000000,17.000000000000,18.000000000000,19.000000000000,19.800000000000,derived_history_input,empirical_quantile,code/4. pack_year_distribution_baseline.ipynb,final_notebook_valid_complete_history_summary
75-79,female,former,age_at_stopping,3,48.666666666667,16.289055630494,30.000000000000,60.000000000000,32.600000000000,43.000000000000,56.000000000000,58.000000000000,59.600000000000,chronology_input,empirical_quantile,code/4. pack_year_distribution_baseline.ipynb,final_notebook_valid_complete_history_summary
75-79,female,former,cigarettes_per_day,3,20.333333333333,17.616280348965,6.000000000000,40.000000000000,6.900000000000,10.500000000000,15.000000000000,27.500000000000,37.500000000000,plcom2012_predictor,empirical_quantile,code/4. pack_year_distribution_baseline.ipynb,final_notebook_valid_complete_history_summary
75-79,female,former,effective_cigarettes_per_day,3,18.285496718390,18.468723905493,5.865775368863,39.508906403877,6.227378670220,7.673791875646,9.481808382428,24.495357393153,36.506196601732,eligibility_adjustment_only,empirical_quantile,code/4. pack_year_distribution_baseline.ipynb,final_notebook_valid_complete_history_summary
75-79,female,former,smoking_duration,3,30.666666666667,18.147543451755,10.000000000000,44.000000000000,12.800000000000,24.000000000000,38.000000000000,41.000000000000,43.400000000000,plcom2012_predictor,empirical_quantile,code/4. pack_year_distribution_baseline.ipynb,final_notebook_valid_complete_history_summary
75-79,female,former,years_since_quitting,3,28.000000000000,15.716233645502,17.000000000000,46.000000000000,17.400000000000,19.000000000000,21.000000000000,33.500000000000,43.500000000000,plcom2012_predictor,empirical_quantile,code/4. pack_year_distribution_baseline.ipynb,final_notebook_valid_complete_history_summary
75-79,female,former,standard_pack_years,3,35.633333333333,45.392767412148,7.500000000000,88.000000000000,7.890000000000,9.450000000000,11.400000000000,49.700000000000,80.340000000000,derived_validation_measure,empirical_quantile,code/4. pack_year_distribution_baseline.ipynb,final_notebook_valid_complete_history_summary
75-79,female,former,adjusted_pack_years,3,25.295292464017965,30.22524720889058,4.740904191214,60.000000000000,5.381311092177,7.942938696027,11.144973200840,35.572486600420,55.114497320084,eligibility_validation_measure,empirical_quantile,code/4. pack_year_distribution_baseline.ipynb,final_notebook_valid_complete_history_summary
75-79,male,current,age_at_initiation,4,20.250000000000,7.500000000000,12.000000000000,28.000000000000,12.600000000000,15.000000000000,20.500000000000,25.750000000000,27.550000000000,derived_history_input,empirical_quantile,code/4. pack_year_distribution_baseline.ipynb,final_notebook_valid_complete_history_summary
75-79,male,current,cigarettes_per_day,4,13.250000000000,8.995369179009,1.000000000000,20.000000000000,2.650000000000,9.250000000000,16.000000000000,20.000000000000,20.000000000000,plcom2012_predictor,empirical_quantile,code/4. pack_year_distribution_baseline.ipynb,final_notebook_valid_complete_history_summary
75-79,male,current,effective_cigarettes_per_day,4,13.195163074414,8.948640932464,0.995483419057,19.950424956467,2.643712243731,9.236627542426,15.917371961065,19.875907493053,19.935521463784,eligibility_adjustment_only,empirical_quantile,code/4. pack_year_distribution_baseline.ipynb,final_notebook_valid_complete_history_summary
75-79,male,current,smoking_duration,4,57.250000000000,7.365459931328,49.000000000000,66.000000000000,49.750000000000,52.750000000000,57.000000000000,61.500000000000,65.100000000000,plcom2012_predictor,empirical_quantile,code/4. pack_year_distribution_baseline.ipynb,final_notebook_valid_complete_history_summary
75-79,male,current,years_since_quitting,4,0.000000000000,0.000000000000,0.000000000000,0.000000000000,0.000000000000,0.000000000000,0.000000000000,0.000000000000,0.000000000000,plcom2012_predictor,structural_zero,code/4. pack_year_distribution_baseline.ipynb,final_notebook_valid_complete_history_summary
75-79,male,current,standard_pack_years,4,37.825000000000,24.856437797882,2.700000000000,60.000000000000,8.235000000000,30.375000000000,44.300000000000,51.750000000000,58.350000000000,derived_validation_measure,empirical_quantile,code/4. pack_year_distribution_baseline.ipynb,final_notebook_valid_complete_history_summary
75-79,male,current,adjusted_pack_years,4,37.680081739023194,24.762311153281203,2.687805231455,59.851274869400,8.216553860594,30.331548377149,44.090623427619,51.439156789494,58.168851253419,eligibility_validation_measure,empirical_quantile,code/4. pack_year_distribution_baseline.ipynb,final_notebook_valid_complete_history_summary
75-79,male,former,age_at_initiation,16,16.687500000000,4.700620526413,10.000000000000,30.000000000000,11.500000000000,13.750000000000,16.000000000000,19.250000000000,22.500000000000,derived_history_input,empirical_quantile,code/4. pack_year_distribution_baseline.ipynb,final_notebook_valid_complete_history_summary
75-79,male,former,age_at_stopping,16,44.687500000000,15.274024791565,24.000000000000,75.000000000000,24.750000000000,33.000000000000,42.500000000000,55.750000000000,67.500000000000,chronology_input,empirical_quantile,code/4. pack_year_distribution_baseline.ipynb,final_notebook_valid_complete_history_summary
75-79,male,former,cigarettes_per_day,16,19.207787990570,10.785989183958,5.000000000000,40.000000000000,5.000000000000,10.000000000000,18.581151962280,22.000000000000,40.000000000000,plcom2012_predictor,empirical_quantile,code/4. pack_year_distribution_baseline.ipynb,final_notebook_valid_complete_history_summary
75-79,male,former,effective_cigarettes_per_day,16,16.707577985138,10.126810843523,3.637341034830,37.567597494991,4.351516513868,9.288258779149,17.122445410513,19.762781879822,34.432932727100,eligibility_adjustment_only,empirical_quantile,code/4. pack_year_distribution_baseline.ipynb,final_notebook_valid_complete_history_summary
75-79,male,former,smoking_duration,16,28.000000000000,15.539197748490,4.000000000000,62.000000000000,9.250000000000,19.500000000000,24.000000000000,38.500000000000,53.000000000000,plcom2012_predictor,empirical_quantile,code/4. pack_year_distribution_baseline.ipynb,final_notebook_valid_complete_history_summary
75-79,male,former,years_since_quitting,16,31.812500000000,14.878255946179,3.000000000000,52.000000000000,9.000000000000,21.500000000000,35.000000000000,43.750000000000,51.250000000000,plcom2012_predictor,empirical_quantile,code/4. pack_year_distribution_baseline.ipynb,final_notebook_valid_complete_history_summary
75-79,male,former,standard_pack_years,16,27.957460784912,23.855484472403,3.000000000000,93.000000000000,3.187500000000,13.750000000000,19.250000000000,39.067801475525,65.250000000000,derived_validation_measure,empirical_quantile,code/4. pack_year_distribution_baseline.ipynb,final_notebook_valid_complete_history_summary
75-79,male,former,adjusted_pack_years,16,24.071909031023715,18.88604310721766,0.989039861893,60.000000000000,2.020463719953,9.867000775196,17.667954547783,38.574272192121,54.445977369741,eligibility_validation_measure,empirical_quantile,code/4. pack_year_distribution_baseline.ipynb,final_notebook_valid_complete_history_summary
