region,age_group,gender,population,smokers,quitters,never_smokers
Border,0-14,Female,42214.0,0.0,0.00760411237977922,0.9108826455678211
Border,0-14,Male,44302.0,0.00027086813236422734,0.004469324184009751,0.9165048981987269
Border,15-19,Female,13778.0,0.04557991000145159,0.027435041370300478,0.8756713601393525
Border,15-19,Male,14539.0,0.07276979159502028,0.03397757755003783,0.8453126074695646
Border,20-24,Female,10332.0,0.16473093302361594,0.06310491676345335,0.7128339140534262
Border,20-24,Male,11169.0,0.24066612946548482,0.07225355895782971,0.622258035634345
Border,25-29,Female,9483.0,0.20499841822208162,0.12200780343773067,0.6169988400295265
Border,25-29,Male,9705.0,0.31190108191653787,0.11695002575991757,0.502627511591963
Border,30-34,Female,12056.0,0.17534837425348374,0.17493364299933642,0.5904114134041142
Border,30-34,Male,11000.0,0.28045454545454546,0.15736363636363637,0.48972727272727273
Border,35-39,Female,14833.0,0.16483516483516483,0.23097148250522484,0.5499898874132003
Border,35-39,Male,13626.0,0.2471745193013357,0.2089387934830471,0.48334067224423893
Border,40-44,Female,16149.0,0.15418911387702025,0.262059570252028,0.5355130348628399
Border,40-44,Male,15276.0,0.2208038753600419,0.24705420267085623,0.47289866457187746
Border,45-49,Female,14972.0,0.1483435746727224,0.26529521773978093,0.5414774245257814
Border,45-49,Male,14699.0,0.20273487992380435,0.27716171168106674,0.46819511531396696
Border,50-54,Female,14089.0,0.15373695791042657,0.27894101781531694,0.5218965150117113
Border,50-54,Male,14279.0,0.19090972757195881,0.3140275929686953,0.4438686182505778
Border,55-59,Female,13361.0,0.14227976947833246,0.2730334555796722,0.5442706384252676
Border,55-59,Male,13139.0,0.17893294771291574,0.3172996422863232,0.4619834081741381
Border,60-64,Female,12304.0,0.1367847854356307,0.3111183355006502,0.5107282184655396
Border,60-64,Male,11979.0,0.15443693129643543,0.3544536271808999,0.4467818682694716
Border,65-69,Female,10975.0,0.12209567198177676,0.3267425968109339,0.5073348519362186
Border,65-69,Male,11107.0,0.1336994688034573,0.413973170072927,0.4103718375799046
Border,70-74,Female,9411.0,0.09754542556582722,0.3224949527149081,0.5323557539050048
Border,70-74,Male,9538.0,0.10798909624659257,0.4396099811281191,0.4074229398196687
Border,75-79,Female,7210.0,0.09015256588072122,0.3217753120665742,0.5459084604715673
Border,75-79,Male,7111.0,0.09211081423147237,0.47321051891435806,0.40036563071297987
Dublin,0-14,Female,131090.0,0.0,0.004912655427568846,0.8672743916393317
Dublin,0-14,Male,137489.0,0.00014546618274916538,0.006378692113550902,0.8615452872593444
Dublin,15-19,Female,43685.0,0.05006295066956621,0.02112853382167792,0.830559688680325
Dublin,15-19,Male,44304.0,0.0683911159263272,0.02676959191043698,0.8021397616468039
Dublin,20-24,Female,50643.0,0.16247062772742532,0.056118318425053805,0.6927907114507434
Dublin,20-24,Male,48921.0,0.22963553484188795,0.0670468714866826,0.5978005355573272
Dublin,25-29,Female,55409.0,0.1760002887617535,0.09819704380154848,0.646501470880182
Dublin,25-29,Male,54570.0,0.2745281290086128,0.11040864944108485,0.5232728605460876
Dublin,30-34,Female,59696.0,0.16074778879656929,0.1470617796837309,0.5980802733851515
Dublin,30-34,Male,57155.0,0.2438106902283265,0.15088793631353337,0.4977342314758114
Dublin,35-39,Female,61366.0,0.15125639604992994,0.19693315516735652,0.5532053580158394
Dublin,35-39,Male,58328.0,0.2260663832121794,0.1975380606226855,0.46382526402413937
Dublin,40-44,Female,61215.0,0.14411500449236297,0.22793432982112227,0.5331536388140161
Dublin,40-44,Male,59256.0,0.21175914675307142,0.23285405697313352,0.44211556635614957
Dublin,45-49,Female,51550.0,0.14469447138700292,0.24506304558680891,0.5240737148399612
Dublin,45-49,Male,50718.0,0.19890374226113017,0.26018376118932135,0.4385030955479317
Dublin,50-54,Female,45307.0,0.15803297503697,0.2575098770609398,0.5080230427969188
Dublin,50-54,Male,44280.0,0.1989159891598916,0.27901987353206864,0.4280939476061427
Dublin,55-59,Female,40456.0,0.16309076527585525,0.2711587897963219,0.4971821237888076
Dublin,55-59,Male,37879.0,0.19187412550489719,0.3022519073893186,0.4247736212677209
Dublin,60-64,Female,35683.0,0.1592354902894936,0.2989098450242412,0.47524031051200855
Dublin,60-64,Male,33126.0,0.1743343597174425,0.3372275553945541,0.41007063937692445
Dublin,65-69,Female,30885.0,0.14424477901894123,0.32264853488748585,0.4666019103124494
Dublin,65-69,Male,27590.0,0.14389271475172163,0.39017760057992024,0.39140993113446904
Dublin,70-74,Female,26644.0,0.11263323825251463,0.31515538207476357,0.5014262122804384
Dublin,70-74,Male,23308.0,0.11652651450145873,0.4210142440363824,0.3890080659001201
Dublin,75-79,Female,20912.0,0.08483167559296098,0.313504208110176,0.5284525631216527
Dublin,75-79,Male,17460.0,0.08310423825887743,0.4625429553264605,0.38424971363115695
Mid-East,0-14,Female,80057.0,0.0002123487015501455,0.002798006420425447,0.9200819416165982
Mid-East,0-14,Male,84467.0,0.00017758414528750872,0.007813702392650385,0.9131968697834657
Mid-East,15-19,Female,26525.0,0.04591894439208294,0.024957587181903863,0.8796606974552309
Mid-East,15-19,Male,27930.0,0.0656999641962048,0.026638023630504833,0.8591836734693877
Mid-East,20-24,Female,20719.0,0.1614460157343501,0.0667020609102756,0.7164921086925045
Mid-East,20-24,Male,22703.0,0.236708805003744,0.07056336167026384,0.6299607981324055
Mid-East,25-29,Female,18967.0,0.19191226867717615,0.12664100806664205,0.6267200927927453
Mid-East,25-29,Male,18622.0,0.2914831919235313,0.12759102137257008,0.5149822790248094
Mid-East,30-34,Female,23993.0,0.1789271870962364,0.18422039761597134,0.5840036677364231
Mid-East,30-34,Male,21572.0,0.26747635824216576,0.17666419432597813,0.4913777118486928
Mid-East,35-39,Female,30422.0,0.16672145158109264,0.2403852475182434,0.5427979751495629
Mid-East,35-39,Male,27073.0,0.24614930004063088,0.22369150075721198,0.47157684778192294
Mid-East,40-44,Female,33313.0,0.14856062197940745,0.2677633356347372,0.5362771290487197
Mid-East,40-44,Male,31080.0,0.22175032175032175,0.2694337194337194,0.4517052767052767
Mid-East,45-49,Female,30141.0,0.14528383265319664,0.2688364685975913,0.5406920805547262
Mid-East,45-49,Male,29413.0,0.19521980076836773,0.28759392105531567,0.4656784415054568
Mid-East,50-54,Female,26452.0,0.1502343868138515,0.2803946771510661,0.5279373960381067
Mid-East,50-54,Male,26781.0,0.186960905119301,0.3143273216086031,0.4489750196034502
Mid-East,55-59,Female,22718.0,0.1474601637468087,0.28127476010212166,0.5302403380579276
Mid-East,55-59,Male,22653.0,0.17516443738136228,0.3279477331920717,0.4488147265262879
Mid-East,60-64,Female,19012.0,0.14627603618767093,0.3026509572901325,0.5068377866610562
Mid-East,60-64,Male,18770.0,0.15881726158763984,0.36547682472029835,0.427437400106553
Mid-East,65-69,Female,16321.0,0.13032289688131854,0.324428650205257,0.5007046136878868
Mid-East,65-69,Male,15829.0,0.13329963990144672,0.4053951607808453,0.41310253332491
Mid-East,70-74,Female,13790.0,0.10855692530819434,0.31312545322697605,0.5286439448875997
Mid-East,70-74,Male,13084.0,0.10875878936105167,0.4327422806481198,0.40973708346071536
Mid-East,75-79,Female,10435.0,0.08452323909918544,0.3016770483948251,0.5578342117872545
Mid-East,75-79,Male,9773.0,0.08380231249360483,0.47498209352297144,0.3874961628977796
Mid-West,0-14,Female,47766.0,0.00012561236025624922,0.004877946656617678,0.89015199095591
Mid-West,0-14,Male,49841.0,0.0,0.008085712565959751,0.8876627676009711
Mid-West,15-19,Female,16410.0,0.051188299817184646,0.026264472882388788,0.8539305301645338
Mid-West,15-19,Male,17295.0,0.06880601329864122,0.030355594102341718,0.831627638045678
Mid-West,20-24,Female,14385.0,0.17128953771289537,0.06847410497045534,0.6752172401807438
Mid-West,20-24,Male,15020.0,0.23541944074567245,0.07410119840213049,0.609387483355526
Mid-West,25-29,Female,13168.0,0.20785236938031593,0.12234204131227218,0.5857381530984204
Mid-West,25-29,Male,13232.0,0.28665356711003626,0.12401753325272068,0.4972037484885127
Mid-West,30-34,Female,14875.0,0.18568067226890755,0.18023529411764705,0.5390252100840336
Mid-West,30-34,Male,13983.0,0.27411857255238503,0.16441393120217407,0.4584853035829221
Mid-West,35-39,Female,18282.0,0.18132589432228421,0.23099223279728695,0.49556941253692155
Mid-West,35-39,Male,16598.0,0.2550307265935655,0.21177250271117,0.4306542956982769
Mid-West,40-44,Female,19700.0,0.1666497461928934,0.2543654822335025,0.49441624365482234
Mid-West,40-44,Male,18654.0,0.22279403881205104,0.2468639433901576,0.4377613380508202
Mid-West,45-49,Female,18275.0,0.15945280437756498,0.27004103967168264,0.5018331053351573
Mid-West,45-49,Male,18253.0,0.2094450227359886,0.27940612502054457,0.4322029255464855
Mid-West,50-54,Female,16984.0,0.16262364578426755,0.2787918040508714,0.4950541686292982
Mid-West,50-54,Male,17132.0,0.20196124212000935,0.30807844968480036,0.41787298622460894
Mid-West,55-59,Female,15924.0,0.16314996232102486,0.2774428535543833,0.5015699572971615
Mid-West,55-59,Male,15915.0,0.1733584668551681,0.3205152371976123,0.44115614200439834
Mid-West,60-64,Female,14417.0,0.15620448082125268,0.304432267462024,0.48130679059443715
Mid-West,60-64,Male,14508.0,0.15949820788530467,0.34946236559139787,0.427488282326992
Mid-West,65-69,Female,12794.0,0.1280287634828826,0.31811786775050804,0.4972643426606222
Mid-West,65-69,Male,13109.0,0.12975818140209017,0.39186818216492486,0.4174994278739797
Mid-West,70-74,Female,11333.0,0.10756198711726815,0.30089120268243186,0.5318979969999118
Mid-West,70-74,Male,11117.0,0.10407484033462265,0.4270936403706036,0.4117117927498426
Mid-West,75-79,Female,8857.0,0.08456588009484024,0.30518234165067176,0.5512024387490121
Mid-West,75-79,Male,8179.0,0.08179484044504218,0.4547010636997188,0.4039613644699841
Midland,0-14,Female,32470.0,0.0,0.004619648906683092,0.8943332306744688
Midland,0-14,Male,34331.0,0.0,0.0055926130902100146,0.8939442486382569
Midland,15-19,Female,10632.0,0.05107223476297968,0.027934537246049662,0.8543077501881113
Midland,15-19,Male,11469.0,0.07559508239602407,0.03295840962594821,0.8221292178917081
Midland,20-24,Female,8366.0,0.16841979440592875,0.06849151326798948,0.674635429117858
Midland,20-24,Male,9097.0,0.2482136968231285,0.07716829724084863,0.5778828185115973
Midland,25-29,Female,7991.0,0.21624327368289326,0.1361531723188587,0.5602552871980978
Midland,25-29,Male,8026.0,0.31074009469225017,0.1204834288562173,0.46860204335908295
Midland,30-34,Female,9749.0,0.2115088727048928,0.1810442096625295,0.523233152118166
Midland,30-34,Male,9066.0,0.2833664240017648,0.16666666666666666,0.43834105448930066
Midland,35-39,Female,12353.0,0.18780862948271676,0.23581316279446288,0.5012547559297337
Midland,35-39,Male,11375.0,0.2602197802197802,0.21160439560439562,0.43542857142857144
Midland,40-44,Female,13107.0,0.1718928816662852,0.24505989166094452,0.5185778591592279
Midland,40-44,Male,12451.0,0.2368484459079592,0.24046261344470324,0.43562766042888124
Midland,45-49,Female,11574.0,0.16329704510108864,0.26213927769137724,0.5129600829445309
Midland,45-49,Male,11609.0,0.2191403221638384,0.2734085623223361,0.4373331036264967
Midland,50-54,Female,10514.0,0.1723416397184706,0.2732547080083698,0.49448354574852577
Midland,50-54,Male,10833.0,0.21609895689098127,0.30148619957537154,0.4154897073756116
Midland,55-59,Female,9510.0,0.1647739221871714,0.26635120925341743,0.5138801261829653
Midland,55-59,Male,9588.0,0.19107217355027117,0.3213391739674593,0.4278264497288277
Midland,60-64,Female,8393.0,0.16108661980221614,0.30120338377219114,0.4839747408554748
Midland,60-64,Male,8577.0,0.16987291593797366,0.3582837822082313,0.41401422408767635
Midland,65-69,Female,7355.0,0.13351461590754587,0.318830727396329,0.4885112168592794
Midland,65-69,Male,7440.0,0.14260752688172043,0.3959677419354839,0.40228494623655914
Midland,70-74,Female,6061.0,0.10790298630589011,0.2987955782874113,0.5268107573007754
Midland,70-74,Male,6170.0,0.11426256077795786,0.42301458670988656,0.4022690437601297
Midland,75-79,Female,4830.0,0.08881987577639752,0.27784679089026915,0.5650103519668737
Midland,75-79,Male,4428.0,0.08717253839205058,0.4532520325203252,0.4035682023486902
South-East,0-14,Female,43939.0,0.0,0.005575912059901227,0.9074626186303739
South-East,0-14,Male,46094.0,0.00017355838070030806,0.004056927148869701,0.9082527010022996
South-East,15-19,Female,15028.0,0.04970721320202289,0.029345222251796647,0.8648522757519297
South-East,15-19,Male,15968.0,0.07320891783567134,0.03294088176352705,0.8374874749498998
South-East,20-24,Female,11886.0,0.18610129564193167,0.07529867070503113,0.6748275281844186
South-East,20-24,Male,12808.0,0.26061836352279827,0.08221424109931293,0.5847126795752654
South-East,25-29,Female,11460.0,0.21858638743455497,0.13446771378708552,0.5842059336823735
South-East,25-29,Male,11159.0,0.31355856259521464,0.12859575230755443,0.4815843713594408
South-East,30-34,Female,13614.0,0.20141031291317762,0.1933303951814309,0.5381225209343323
South-East,30-34,Male,12760.0,0.27876175548589344,0.1780564263322884,0.46324451410658307
South-East,35-39,Female,16759.0,0.18676532012649918,0.23843904767587565,0.5102333074765798
South-East,35-39,Male,14814.0,0.2619144052922911,0.22174969623329283,0.4445794518698528
South-East,40-44,Female,18231.0,0.1748669848060995,0.26954089188744446,0.4972299928692886
South-East,40-44,Male,17249.0,0.23978201634877383,0.25885558583106266,0.43457591744448953
South-East,45-49,Female,16986.0,0.16501825032379608,0.28011303426351114,0.5041210408571765
South-East,45-49,Male,16405.0,0.21584882657726304,0.29320329167936604,0.4337092349893325
South-East,50-54,Female,15670.0,0.17115507338864072,0.2935545628589662,0.48978940650925334
South-East,50-54,Male,15556.0,0.2085368989457444,0.31344818719465156,0.42568783749035743
South-East,55-59,Female,14984.0,0.16110517885744793,0.2953817405232248,0.5023358248798718
South-East,55-59,Male,14557.0,0.18719516383870302,0.3344782578828055,0.4294840969980078
South-East,60-64,Female,13373.0,0.15463994616017349,0.3172810887609362,0.48366110820309577
South-East,60-64,Male,12997.0,0.16726936985458182,0.3660844810340848,0.41578825882896053
South-East,65-69,Female,11394.0,0.12717219589257503,0.3232403019132877,0.4998244690187818
South-East,65-69,Male,11519.0,0.13325809532077437,0.4179182220678878,0.4059380154527303
South-East,70-74,Female,9763.0,0.10263238758578305,0.30216122093618764,0.5396906688517874
South-East,70-74,Male,9737.0,0.10824689329362226,0.4354523980692205,0.4034096744377118
South-East,75-79,Female,7730.0,0.0777490297542044,0.2926261319534282,0.5684346701164295
South-East,75-79,Male,7325.0,0.08395904436860069,0.4536518771331058,0.4091467576791809
South-West,0-14,Female,69899.0,0.0,0.006409247628721441,0.9136468332880299
South-West,0-14,Male,72385.0,0.0,0.0076258893417144435,0.9099122746425364
South-West,15-19,Female,23449.0,0.05326453153652608,0.027165337541046528,0.8672864514478229
South-West,15-19,Male,24583.0,0.07163486962535086,0.03046820973843713,0.8405402107147215
South-West,20-24,Female,21295.0,0.18187367926743367,0.06724583235501291,0.6952805822963137
South-West,20-24,Male,21702.0,0.25066814118514424,0.07478573403372961,0.6058427794673302
South-West,25-29,Female,19894.0,0.20528802654066552,0.1190811299889414,0.6146576857343923
South-West,25-29,Male,19963.0,0.2948955567800431,0.11952111406101287,0.5148524770826028
South-West,30-34,Female,23277.0,0.17760020621214073,0.17914679726768915,0.5769214245822056
South-West,30-34,Male,21592.0,0.2700074101519081,0.1663115968877362,0.48721748795850317
South-West,35-39,Female,27967.0,0.16955697786677154,0.23724389459005257,0.5288018021239318
South-West,35-39,Male,25277.0,0.2435415595205127,0.22447284092257783,0.45721406812517307
South-West,40-44,Female,30051.0,0.1535722604904995,0.27177132208578747,0.516921233902366
South-West,40-44,Male,28436.0,0.21219580813053876,0.25742017161344777,0.4576944717963145
South-West,45-49,Female,27148.0,0.14420951819655223,0.2755635774274348,0.5318992190953293
South-West,45-49,Male,26962.0,0.19750018544618353,0.2926711668273867,0.4493731918997107
South-West,50-54,Female,24781.0,0.15451353859811953,0.2887696218877366,0.5094628949598483
South-West,50-54,Male,25011.0,0.1876374395266083,0.32369757306785013,0.4343288952860741
South-West,55-59,Female,23120.0,0.1459342560553633,0.28213667820069205,0.5275086505190312
South-West,55-59,Male,23148.0,0.16951788491446346,0.33359253499222397,0.44612925522723346
South-West,60-64,Female,20870.0,0.14048873981792045,0.30177287973167227,0.5110685194058457
South-West,60-64,Male,20637.0,0.1443039201434317,0.36046906042544946,0.4437660512671415
South-West,65-69,Female,18218.0,0.12103414205730596,0.3101877264244154,0.521297617740696
South-West,65-69,Male,18031.0,0.13016471632189008,0.38633464588763794,0.43691420331651043
South-West,70-74,Female,15714.0,0.09068346697212677,0.2938780705103729,0.5640829833269696
South-West,70-74,Male,15490.0,0.09651387992253066,0.4253712072304713,0.4253712072304713
South-West,75-79,Female,12426.0,0.06937067439240302,0.28593272171253825,0.5858683405762112
South-West,75-79,Male,11478.0,0.07640703955392926,0.4513852587558808,0.41775570656908867
West,0-14,Female,45719.0,0.0,0.006736805266956845,0.9047660709989283
West,0-14,Male,48248.0,0.00018653622948101476,0.006881114243077433,0.9032084231470735
West,15-19,Female,15779.0,0.05640408137397807,0.023322137017554978,0.8638063248621586
West,15-19,Male,16254.0,0.07161314138058324,0.031684508428694476,0.8378860588162914
West,20-24,Female,14071.0,0.18648283704072205,0.061829294293227206,0.6791983512188189
West,20-24,Male,14026.0,0.265150434906602,0.0765720804220733,0.583202623698845
West,25-29,Female,12038.0,0.19970094700116298,0.11729523176607409,0.6123110151187905
West,25-29,Male,12121.0,0.30665786651266397,0.11970959491791107,0.496741192970877
West,30-34,Female,14446.0,0.18115741381697356,0.17458119894780563,0.5681157413816974
West,30-34,Male,13389.0,0.2694002539398013,0.16931809694525357,0.4750914930166555
West,35-39,Female,17675.0,0.16124469589816123,0.23287128712871288,0.5403677510608204
West,35-39,Male,16121.0,0.2398114260901929,0.21518516221078096,0.4715588363004776
West,40-44,Female,19197.0,0.145231025681096,0.2747825181017867,0.5195603479710371
West,40-44,Male,18159.0,0.20716999834792665,0.263120215870918,0.45756924940800703
West,45-49,Female,17684.0,0.13859986428409862,0.28183668853200633,0.5282741461207872
West,45-49,Male,17115.0,0.20040899795501022,0.29085597429155713,0.44633362547472977
West,50-54,Female,16213.0,0.14426694627767842,0.2845864429778573,0.5195830506383766
West,50-54,Male,16121.0,0.1849140872154333,0.3238632839153899,0.43458842503566775
West,55-59,Female,15193.0,0.13433818205752648,0.2803264661357204,0.5382742052260909
West,55-59,Male,15020.0,0.162982689747004,0.3298934753661784,0.4570572569906791
West,60-64,Female,14187.0,0.13998731232818779,0.30725311905265384,0.5047578769295834
West,60-64,Male,13837.0,0.1511888415118884,0.3617836236178362,0.43593264435932644
West,65-69,Female,12820.0,0.112402496099844,0.3257410296411856,0.5113104524180967
West,65-69,Male,12757.0,0.11789605706670847,0.41208748138277024,0.4226699067178804
West,70-74,Female,10887.0,0.09855791310737577,0.3201065490952512,0.5281528428400845
West,70-74,Male,10837.0,0.1000276829380825,0.4336070868321491,0.41358309495247764
West,75-79,Female,8134.0,0.07671502335874109,0.32407179739365627,0.5422916154413573
West,75-79,Male,7972.0,0.08316608128449574,0.4651279478173608,0.40203211239337683
