year,age_group,gender,population
2022,0-4,Female,144247
2022,10-14,Female,183366
2022,15-19,Female,165149
2022,20-24,Female,153935
2022,25-29,Female,150042
2022,30-34,Female,173099
2022,35-39,Female,201467
2022,40-44,Female,212653
2022,45-49,Female,189522
2022,5-9,Female,167678
2022,50-54,Female,171437
2022,55-59,Female,156508
2022,60-64,Female,139819
2022,65-69,Female,121887
2022,70-74,Female,104517
2022,75-79,Female,80880
2022,80-84,Female,53034
2022,85-89,Female,33425
2022,90-94,Female,14904
2022,95-99,Female,4443
2022,0-4,Male,151587
2022,10-14,Male,191513
2022,15-19,Male,172627
2022,20-24,Male,158006
2022,25-29,Male,149092
2022,30-34,Male,161427
2022,35-39,Male,184343
2022,40-44,Male,202073
2022,45-49,Male,186483
2022,5-9,Male,175901
2022,50-54,Male,171442
2022,55-59,Male,153236
2022,60-64,Male,136015
2022,65-69,Male,118595
2022,70-74,Male,100167
2022,75-79,Male,74137
2022,80-84,Male,43724
2022,85-89,Male,22833
2022,90-94,Male,7338
2022,95-99,Male,1415
2023,0-4,Female,143958
2023,10-14,Female,184173
2023,15-19,Female,172744
2023,20-24,Female,159081
2023,25-29,Female,154403
2023,30-34,Female,172814
2023,35-39,Female,200079
2023,40-44,Female,221117
2023,45-49,Female,192642
2023,5-9,Female,163923
2023,50-54,Female,177124
2023,55-59,Female,159394
2023,60-64,Female,144323
2023,65-69,Female,124111
2023,70-74,Female,107815
2023,75-79,Female,84381
2023,80-84,Female,55777
2023,85-89,Female,34337
2023,90-94,Female,15546
2023,95-99,Female,4706
2023,0-4,Male,151080
2023,10-14,Male,192802
2023,15-19,Male,179493
2023,20-24,Male,162353
2023,25-29,Male,154762
2023,30-34,Male,163027
2023,35-39,Male,182808
2023,40-44,Male,207191
2023,45-49,Male,188403
2023,5-9,Male,172361
2023,50-54,Male,176865
2023,55-59,Male,156760
2023,60-64,Male,140595
2023,65-69,Male,120108
2023,70-74,Male,102650
2023,75-79,Male,77869
2023,80-84,Male,46362
2023,85-89,Male,23775
2023,90-94,Male,8049
2023,95-99,Male,1668
2024,0-4,Female,142379
2024,10-14,Female,183136
2024,15-19,Female,178707
2024,20-24,Female,163201
2024,25-29,Female,158834
2024,30-34,Female,172046
2024,35-39,Female,197328
2024,40-44,Female,224667
2024,45-49,Female,198244
2024,5-9,Female,160184
2024,50-54,Female,182605
2024,55-59,Female,161391
2024,60-64,Female,149083
2024,65-69,Female,126980
2024,70-74,Female,109752
2024,75-79,Female,88153
2024,80-84,Female,58138
2024,85-89,Female,35320
2024,90-94,Female,16228
2024,95-99,Female,5005
2024,0-4,Male,149505
2024,10-14,Male,192025
2024,15-19,Male,185292
2024,20-24,Male,165768
2024,25-29,Male,160305
2024,30-34,Male,163599
2024,35-39,Male,179988
2024,40-44,Male,208411
2024,45-49,Male,192280
2024,5-9,Male,168403
2024,50-54,Male,181237
2024,55-59,Male,159989
2024,60-64,Male,144700
2024,65-69,Male,122632
2024,70-74,Male,104463
2024,75-79,Male,81046
2024,80-84,Male,48869
2024,85-89,Male,24878
2024,90-94,Male,8769
2024,95-99,Male,1848
2025,0-4,Female,140770
2025,10-14,Female,180564
2025,15-19,Female,184643
2025,20-24,Female,166476
2025,25-29,Female,163311
2025,30-34,Female,170993
2025,35-39,Female,195903
2025,40-44,Female,224115
2025,45-49,Female,206202
2025,5-9,Female,156674
2025,50-54,Female,186128
2025,55-59,Female,164421
2025,60-64,Female,153315
2025,65-69,Female,130166
2025,70-74,Female,112224
2025,75-79,Female,91769
2025,80-84,Female,61067
2025,85-89,Female,36371
2025,90-94,Female,16989
2025,95-99,Female,5248
2025,0-4,Male,148079
2025,10-14,Male,189728
2025,15-19,Male,190340
2025,20-24,Male,169630
2025,25-29,Male,165111
2025,30-34,Male,163771
2025,35-39,Male,178622
2025,40-44,Male,205653
2025,45-49,Male,198561
2025,5-9,Male,164413
2025,50-54,Male,184300
2025,55-59,Male,163821
2025,60-64,Male,148550
2025,65-69,Male,125569
2025,70-74,Male,106639
2025,75-79,Male,83986
2025,80-84,Male,51667
2025,85-89,Male,26022
2025,90-94,Male,9446
2025,95-99,Male,2032
2026,0-4,Female,139796
2026,10-14,Female,177331
2026,15-19,Female,189056
2026,20-24,Female,170270
2026,25-29,Female,166576
2026,30-34,Female,169529
2026,35-39,Female,193457
2026,40-44,Female,222316
2026,45-49,Female,214283
2026,5-9,Female,152585
2026,50-54,Female,189546
2026,55-59,Female,168546
2026,60-64,Female,155913
2026,65-69,Female,134228
2026,70-74,Female,114848
2026,75-79,Female,93944
2026,80-84,Female,65150
2026,85-89,Female,37283
2026,90-94,Female,17537
2026,95-99,Female,5656
2026,0-4,Male,147174
2026,10-14,Male,186513
2026,15-19,Male,194421
2026,20-24,Male,173334
2026,25-29,Male,168046
2026,30-34,Male,163749
2026,35-39,Male,177203
2026,40-44,Male,201868
2026,45-49,Male,204576
2026,5-9,Male,160332
2026,50-54,Male,186931
2026,55-59,Male,168248
2026,60-64,Male,151540
2026,65-69,Male,129126
2026,70-74,Male,108593
2026,75-79,Male,86125
2026,80-84,Male,55068
2026,85-89,Male,27024
2026,90-94,Male,10059
2026,95-99,Male,2296
2027,0-4,Female,137641
2027,10-14,Female,173463
2027,15-19,Female,191144
2027,20-24,Female,173843
2027,25-29,Female,169631
2027,30-34,Female,169086
2027,35-39,Female,190925
2027,40-44,Female,219425
2027,45-49,Female,222179
2027,5-9,Female,150213
2027,50-54,Female,191895
2027,55-59,Female,173663
2027,60-64,Female,158344
2027,65-69,Female,138332
2027,70-74,Female,117278
2027,75-79,Female,96547
2027,80-84,Female,68914
2027,85-89,Female,38527
2027,90-94,Female,18232
2027,95-99,Female,5948
2027,0-4,Male,144998
2027,10-14,Male,182017
2027,15-19,Male,196910
2027,20-24,Male,177095
2027,25-29,Male,170321
2027,30-34,Male,165402
2027,35-39,Male,175277
2027,40-44,Male,197596
2027,45-49,Male,209577
2027,5-9,Male,158100
2027,50-54,Male,188549
2027,55-59,Male,173319
2027,60-64,Male,154233
2027,65-69,Male,132727
2027,70-74,Male,110893
2027,75-79,Male,88132
2027,80-84,Male,58542
2027,85-89,Male,28398
2027,90-94,Male,10687
2027,95-99,Male,2528
2028,0-4,Female,135138
2028,10-14,Female,168927
2028,15-19,Female,190655
2028,20-24,Female,179131
2028,25-29,Female,172218
2028,30-34,Female,170968
2028,35-39,Female,188123
2028,40-44,Female,215517
2028,45-49,Female,228931
2028,5-9,Female,149169
2028,50-54,Female,194468
2028,55-59,Female,178805
2028,60-64,Female,160710
2028,65-69,Female,142403
2028,70-74,Female,119298
2028,75-79,Female,99575
2028,80-84,Female,72007
2028,85-89,Female,40732
2028,90-94,Female,18874
2028,95-99,Female,6216
2028,0-4,Male,142357
2028,10-14,Male,177637
2028,15-19,Male,197012
2028,20-24,Male,181975
2028,25-29,Male,172306
2028,30-34,Male,168517
2028,35-39,Male,174337
2028,40-44,Male,193515
2028,45-49,Male,212895
2028,5-9,Male,156767
2028,50-54,Male,189885
2028,55-59,Male,178106
2028,60-64,Male,157148
2028,65-69,Male,136801
2028,70-74,Male,112264
2028,75-79,Male,90399
2028,80-84,Male,61654
2028,85-89,Male,30296
2028,90-94,Male,11220
2028,95-99,Male,2746
2029,0-4,Female,133528
2029,10-14,Female,164786
2029,15-19,Female,188989
2029,20-24,Female,184016
2029,25-29,Female,175082
2029,30-34,Female,174113
2029,35-39,Female,186072
2029,40-44,Female,211486
2029,45-49,Female,231621
2029,5-9,Female,147196
2029,50-54,Female,199786
2029,55-59,Female,183997
2029,60-64,Female,162458
2029,65-69,Female,146916
2029,70-74,Female,122049
2029,75-79,Female,101462
2029,80-84,Female,75413
2029,85-89,Female,42754
2029,90-94,Female,19680
2029,95-99,Female,6571
2029,0-4,Male,140658
2029,10-14,Male,173247
2029,15-19,Male,195677
2029,20-24,Male,186890
2029,25-29,Male,174593
2029,30-34,Male,172772
2029,35-39,Male,173672
2029,40-44,Male,189474
2029,45-49,Male,213257
2029,5-9,Male,154763
2029,50-54,Male,193467
2029,55-59,Male,182150
2029,60-64,Male,160070
2029,65-69,Male,140644
2029,70-74,Male,114697
2029,75-79,Male,92184
2029,80-84,Male,64429
2029,85-89,Male,32233
2029,90-94,Male,11925
2029,95-99,Male,2985
2030,0-4,Female,132101
2030,10-14,Female,160973
2030,15-19,Female,186018
2030,20-24,Female,189162
2030,25-29,Female,177439
2030,30-34,Female,177614
2030,35-39,Female,184052
2030,40-44,Female,209100
2030,45-49,Female,230336
2030,5-9,Female,145288
2030,50-54,Female,207511
2030,55-59,Female,187320
2030,60-64,Female,165297
2030,65-69,Female,150956
2030,70-74,Female,125153
2030,75-79,Female,103879
2030,80-84,Female,78722
2030,85-89,Female,45216
2030,90-94,Female,20537
2030,95-99,Female,6944
2030,0-4,Male,139155
2030,10-14,Male,168934
2030,15-19,Male,193020
2030,20-24,Male,191295
2030,25-29,Male,177663
2030,30-34,Male,176605
2030,35-39,Male,172924
2030,40-44,Male,187204
2030,45-49,Male,209800
2030,5-9,Male,153009
2030,50-54,Male,199504
2030,55-59,Male,184989
2030,60-64,Male,163664
2030,65-69,Male,144282
2030,70-74,Male,117562
2030,75-79,Male,94315
2030,80-84,Male,67039
2030,85-89,Male,34375
2030,90-94,Male,12661
2030,95-99,Male,3225
2031,0-4,Female,130862
2031,10-14,Female,156774
2031,15-19,Female,182669
2031,20-24,Female,193378
2031,25-29,Female,180974
2031,30-34,Female,180503
2031,35-39,Female,182245
2031,40-44,Female,206325
2031,45-49,Female,228268
2031,5-9,Female,144199
2031,50-54,Female,215499
2031,55-59,Female,190666
2031,60-64,Female,169333
2031,65-69,Female,153506
2031,70-74,Female,129141
2031,75-79,Female,106455
2031,80-84,Female,80842
2031,85-89,Female,48543
2031,90-94,Female,21303
2031,95-99,Female,7303
2031,0-4,Male,137851
2031,10-14,Male,164738
2031,15-19,Male,189717
2031,20-24,Male,195251
2031,25-29,Male,181174
2031,30-34,Male,179205
2031,35-39,Male,172618
2031,40-44,Male,185538
2031,45-49,Male,205822
2031,5-9,Male,151979
2031,50-54,Male,205429
2031,55-59,Male,187547
2031,60-64,Male,167971
2031,65-69,Male,147197
2031,70-74,Male,121041
2031,75-79,Male,96266
2031,80-84,Male,69052
2031,85-89,Male,36929
2031,90-94,Male,13348
2031,95-99,Male,3485
2032,0-4,Female,129751
2032,10-14,Female,154279
2032,15-19,Female,178590
2032,20-24,Female,195383
2032,25-29,Female,184226
2032,30-34,Female,183125
2032,35-39,Female,181426
2032,40-44,Female,203413
2032,45-49,Female,225304
2032,5-9,Female,141910
2032,50-54,Female,223298
2032,55-59,Female,192936
2032,60-64,Female,174318
2032,65-69,Female,155919
2032,70-74,Female,133163
2032,75-79,Female,108870
2032,80-84,Female,83328
2032,85-89,Female,51611
2032,90-94,Female,22279
2032,95-99,Female,7675
2032,0-4,Male,136683
2032,10-14,Male,162378
2032,15-19,Male,185098
2032,20-24,Male,197763
2032,25-29,Male,184686
2032,30-34,Male,181150
2032,35-39,Male,174020
2032,40-44,Male,183388
2032,45-49,Male,201561
2032,5-9,Male,149656
2032,50-54,Male,210334
2032,55-59,Male,189090
2032,60-64,Male,172872
2032,65-69,Male,149873
2032,70-74,Male,124574
2032,75-79,Male,98555
2032,80-84,Male,70994
2032,85-89,Male,39565
2032,90-94,Male,14238
2032,95-99,Male,3736
2033,0-4,Female,128855
2033,10-14,Female,153121
2033,15-19,Female,173864
2033,20-24,Female,194718
2033,25-29,Female,189157
2033,30-34,Female,185354
2033,35-39,Female,182965
2033,40-44,Female,200265
2033,45-49,Female,221308
2033,5-9,Female,139296
2033,50-54,Female,229955
2033,55-59,Female,195443
2033,60-64,Female,179343
2033,65-69,Female,158273
2033,70-74,Female,137151
2033,75-79,Female,110924
2033,80-84,Female,86199
2033,85-89,Female,54230
2033,90-94,Female,23850
2033,95-99,Female,8019
2033,0-4,Male,135736
2033,10-14,Male,160923
2033,15-19,Male,180586
2033,20-24,Male,197770
2033,25-29,Male,189255
2033,30-34,Male,182824
2033,35-39,Male,176855
2033,40-44,Male,182183
2033,45-49,Male,197423
2033,5-9,Male,146893
2033,50-54,Male,213565
2033,55-59,Male,190376
2033,60-64,Male,177522
2033,65-69,Male,152767
2033,70-74,Male,128527
2033,75-79,Male,100023
2033,80-84,Male,73168
2033,85-89,Male,41979
2033,90-94,Male,15408
2033,95-99,Male,3958
2034,0-4,Female,128142
2034,10-14,Female,151035
2034,15-19,Female,169551
2034,20-24,Female,192868
2034,25-29,Female,193730
2034,30-34,Female,187853
2034,35-39,Female,185761
2034,40-44,Female,197871
2034,45-49,Female,217125
2034,5-9,Female,137572
2034,50-54,Female,232581
2034,55-59,Female,200672
2034,60-64,Female,184412
2034,65-69,Female,160015
2034,70-74,Female,141555
2034,75-79,Female,113621
2034,80-84,Female,88068
2034,85-89,Female,57075
2034,90-94,Female,25328
2034,95-99,Female,8474
2034,0-4,Male,134987
2034,10-14,Male,158799
2034,15-19,Male,176066
2034,20-24,Male,196331
2034,25-29,Male,193909
2034,30-34,Male,184789
2034,35-39,Male,180823
2034,40-44,Male,181255
2034,45-49,Male,193275
2034,5-9,Male,145073
2034,50-54,Male,213876
2034,55-59,Male,193872
2034,60-64,Male,181448
2034,65-69,Male,155649
2034,70-74,Male,132266
2034,75-79,Male,102417
2034,80-84,Male,74925
2034,85-89,Male,44164
2034,90-94,Male,16628
2034,95-99,Male,4259
2035,0-4,Female,127569
2035,10-14,Female,149015
2035,15-19,Female,165584
2035,20-24,Female,189707
2035,25-29,Female,198613
2035,30-34,Female,189837
2035,35-39,Female,188907
2035,40-44,Female,195518
2035,45-49,Female,214516
2035,5-9,Female,136028
2035,50-54,Female,231262
2035,55-59,Female,208286
2035,60-64,Female,187650
2035,65-69,Female,162818
2035,70-74,Female,145525
2035,75-79,Female,116675
2035,80-84,Female,90447
2035,85-89,Female,59882
2035,90-94,Female,27086
2035,95-99,Female,8956
2035,0-4,Male,134388
2035,10-14,Male,156926
2035,15-19,Male,171633
2035,20-24,Male,193559
2035,25-29,Male,198106
2035,30-34,Male,187525
2035,35-39,Male,184362
2035,40-44,Male,180254
2035,45-49,Male,190837
2035,5-9,Male,143444
2035,50-54,Male,210418
2035,55-59,Male,199793
2035,60-64,Male,184207
2035,65-69,Male,159174
2035,70-74,Male,135829
2035,75-79,Male,105221
2035,80-84,Male,76986
2035,85-89,Male,46256
2035,90-94,Male,17960
2035,95-99,Male,4574
2036,0-4,Female,127105
2036,10-14,Female,147812
2036,15-19,Female,161255
2036,20-24,Female,186153
2036,25-29,Female,202614
2036,30-34,Female,192987
2036,35-39,Female,191442
2036,40-44,Female,193379
2036,45-49,Female,211460
2036,5-9,Female,134669
2036,50-54,Female,229169
2036,55-59,Female,216160
2036,60-64,Female,190911
2036,65-69,Female,166768
2036,70-74,Female,148064
2036,75-79,Female,120541
2036,80-84,Female,92920
2036,85-89,Female,61808
2036,90-94,Female,29363
2036,95-99,Female,9389
2036,0-4,Male,133902
2036,10-14,Male,155778
2036,15-19,Male,167321
2036,20-24,Male,190133
2036,25-29,Male,201907
2036,30-34,Male,190688
2036,35-39,Male,186665
2036,40-44,Male,179691
2036,45-49,Male,188955
2036,5-9,Male,142010
2036,50-54,Male,206452
2036,55-59,Male,205596
2036,60-64,Male,186693
2036,65-69,Male,163358
2036,70-74,Male,138709
2036,75-79,Male,108551
2036,80-84,Male,78870
2036,85-89,Male,47960
2036,90-94,Male,19517
2036,95-99,Male,4878
2037,0-4,Female,126752
2037,10-14,Female,145524
2037,15-19,Female,158762
2037,20-24,Female,182078
2037,25-29,Female,204621
2037,30-34,Female,196240
2037,35-39,Female,194065
2037,40-44,Female,192573
2037,45-49,Female,208576
2037,5-9,Female,133559
2037,50-54,Female,226253
2037,55-59,Female,223924
2037,60-64,Female,193208
2037,65-69,Female,171721
2037,70-74,Female,150499
2037,75-79,Female,124468
2037,80-84,Female,95284
2037,85-89,Female,64041
2037,90-94,Female,31479
2037,95-99,Female,9934
2037,0-4,Male,133529
2037,10-14,Male,153457
2037,15-19,Male,164965
2037,20-24,Male,185525
2037,25-29,Male,204423
2037,30-34,Male,194200
2037,35-39,Male,188615
2037,40-44,Male,181102
2037,45-49,Male,186843
2037,5-9,Male,140845
2037,50-54,Male,202275
2037,55-59,Male,210488
2037,60-64,Male,188294
2037,65-69,Male,168210
2037,70-74,Male,141405
2037,75-79,Male,111986
2037,80-84,Male,81083
2037,85-89,Male,49679
2037,90-94,Male,21155
2037,95-99,Male,5267
2038,0-4,Female,126465
2038,10-14,Female,142910
2038,15-19,Female,157605
2038,20-24,Female,177358
2038,25-29,Female,203959
2038,30-34,Female,201169
2038,35-39,Female,196296
2038,40-44,Female,194119
2038,45-49,Female,205455
2038,5-9,Female,132664
2038,50-54,Female,222309
2038,55-59,Female,230552
2038,60-64,Female,195741
2038,65-69,Female,176708
2038,70-74,Female,152876
2038,75-79,Female,128357
2038,80-84,Female,97357
2038,85-89,Female,66596
2038,90-94,Female,33369
2038,95-99,Female,10734
2038,0-4,Male,133229
2038,10-14,Male,150696
2038,15-19,Male,163514
2038,20-24,Male,181023
2038,25-29,Male,204435
2038,30-34,Male,198768
2038,35-39,Male,190296
2038,40-44,Male,183939
2038,45-49,Male,185666
2038,5-9,Male,139901
2038,50-54,Male,198213
2038,55-59,Male,213717
2038,60-64,Male,189642
2038,65-69,Male,172809
2038,70-74,Male,144297
2038,75-79,Male,115757
2038,80-84,Male,82620
2038,85-89,Male,51584
2038,90-94,Male,22693
2038,95-99,Male,5752
2039,0-4,Female,126486
2039,10-14,Female,141187
2039,15-19,Female,155521
2039,20-24,Female,173049
2039,25-29,Female,202114
2039,30-34,Female,205739
2039,35-39,Female,198798
2039,40-44,Female,196919
2039,45-49,Female,203082
2039,5-9,Female,131951
2039,50-54,Female,218175
2039,55-59,Female,233188
2039,60-64,Female,200956
2039,65-69,Female,181730
2039,70-74,Female,154666
2039,75-79,Female,132619
2039,80-84,Female,99947
2039,85-89,Female,68349
2039,90-94,Female,35394
2039,95-99,Female,11518
2039,0-4,Male,133248
2039,10-14,Male,148877
2039,15-19,Male,161393
2039,20-24,Male,176514
2039,25-29,Male,203008
2039,30-34,Male,203421
2039,35-39,Male,192265
2039,40-44,Male,187905
2039,45-49,Male,184763
2039,5-9,Male,139153
2039,50-54,Male,194137
2039,55-59,Male,214072
2039,60-64,Male,193150
2039,65-69,Male,176706
2039,70-74,Male,147178
2039,75-79,Male,119340
2039,80-84,Male,84903
2039,85-89,Male,53160
2039,90-94,Male,24110
2039,95-99,Male,6274
2040,0-4,Female,126753
2040,10-14,Female,139643
2040,15-19,Female,153503
2040,20-24,Female,169085
2040,25-29,Female,198957
2040,30-34,Female,210621
2040,35-39,Female,200784
2040,40-44,Female,200067
2040,45-49,Female,200755
2040,5-9,Female,131378
2040,50-54,Female,215606
2040,55-59,Female,231918
2040,60-64,Female,208522
2040,65-69,Female,184969
2040,70-74,Female,157500
2040,75-79,Female,136501
2040,80-84,Female,102918
2040,85-89,Female,70561
2040,90-94,Female,37431
2040,95-99,Female,12425
2040,0-4,Male,133529
2040,10-14,Male,147249
2040,15-19,Male,159523
2040,20-24,Male,172090
2040,25-29,Male,200249
2040,30-34,Male,207617
2040,35-39,Male,195005
2040,40-44,Male,191445
2040,45-49,Male,183786
2040,5-9,Male,138555
2040,50-54,Male,191757
2040,55-59,Male,210722
2040,60-64,Male,199032
2040,65-69,Male,179484
2040,70-74,Male,150687
2040,75-79,Male,122788
2040,80-84,Male,87572
2040,85-89,Male,54984
2040,90-94,Male,25492
2040,95-99,Male,6837
2041,0-4,Female,127251
2041,10-14,Female,138284
2041,15-19,Female,152301
2041,20-24,Female,164760
2041,25-29,Female,195409
2041,30-34,Female,214624
2041,35-39,Female,203934
2041,40-44,Female,202601
2041,45-49,Female,198637
2041,5-9,Female,130916
2041,50-54,Female,212591
2041,55-59,Female,229882
2041,60-64,Female,216345
2041,65-69,Female,188232
2041,70-74,Female,161421
2041,75-79,Female,139034
2041,80-84,Female,106592
2041,85-89,Female,72796
2041,90-94,Female,38939
2041,95-99,Female,13533
2041,0-4,Male,134054
2041,10-14,Male,145816
2041,15-19,Male,158375
2041,20-24,Male,167789
2041,25-29,Male,196834
2041,30-34,Male,211418
2041,35-39,Male,198170
2041,40-44,Male,193752
2041,45-49,Male,183249
2041,5-9,Male,138071
2041,50-54,Male,189928
2041,55-59,Male,206873
2041,60-64,Male,204793
2041,65-69,Male,181996
2041,70-74,Male,154800
2041,75-79,Male,125605
2041,80-84,Male,90651
2041,85-89,Male,56653
2041,90-94,Male,26682
2041,95-99,Male,7474
2042,0-4,Female,127967
2042,10-14,Female,137174
2042,15-19,Female,150015
2042,20-24,Female,162270
2042,25-29,Female,191340
2042,30-34,Female,216633
2042,35-39,Female,207189
2042,40-44,Female,205225
2042,45-49,Female,197850
2042,5-9,Female,130564
2042,50-54,Female,209748
2042,55-59,Female,227034
2042,60-64,Female,224053
2042,65-69,Female,190556
2042,70-74,Female,166312
2042,75-79,Female,141473
2042,80-84,Female,110316
2042,85-89,Female,74971
2042,90-94,Female,40660
2042,95-99,Female,14577
2042,0-4,Male,134811
2042,10-14,Male,144653
2042,15-19,Male,156056
2042,20-24,Male,165439
2042,25-29,Male,192240
2042,30-34,Male,213935
2042,35-39,Male,201685
2042,40-44,Male,195708
2042,45-49,Male,184676
2042,5-9,Male,137700
2042,50-54,Male,187867
2042,55-59,Male,202815
2042,60-64,Male,209655
2042,65-69,Male,183664
2042,70-74,Male,159555
2042,75-79,Male,128281
2042,80-84,Male,93855
2042,85-89,Male,58608
2042,90-94,Male,27927
2042,95-99,Male,8168
2043,0-4,Female,128861
2043,10-14,Female,136279
2043,15-19,Female,147403
2043,20-24,Female,161115
2043,25-29,Female,186626
2043,30-34,Female,215975
2043,35-39,Female,212116
2043,40-44,Female,207459
2043,45-49,Female,199403
2043,5-9,Female,130278
2043,50-54,Female,206666
2043,55-59,Female,223159
2043,60-64,Female,230633
2043,65-69,Female,193114
2043,70-74,Female,171229
2043,75-79,Female,143859
2043,80-84,Female,113990
2043,85-89,Female,76955
2043,90-94,Female,42613
2043,95-99,Female,15604
2043,0-4,Male,135753
2043,10-14,Male,143711
2043,15-19,Male,153299
2043,20-24,Male,163991
2043,25-29,Male,187753
2043,30-34,Male,213957
2043,35-39,Male,206250
2043,40-44,Male,197394
2043,45-49,Male,187519
2043,5-9,Male,137402
2043,50-54,Male,186726
2043,55-59,Male,198862
2043,60-64,Male,212877
2043,65-69,Male,185083
2043,70-74,Male,164056
2043,75-79,Male,131124
2043,80-84,Male,97293
2043,85-89,Male,60070
2043,90-94,Male,29302
2043,95-99,Male,8844
2044,0-4,Female,129556
2044,10-14,Female,135566
2044,15-19,Female,145682
2044,20-24,Female,159034
2044,25-29,Female,182322
2044,30-34,Female,214136
2044,35-39,Female,216686
2044,40-44,Female,209965
2044,45-49,Female,202204
2044,5-9,Female,130298
2044,50-54,Female,204323
2044,55-59,Female,219095
2044,60-64,Female,233276
2044,65-69,Female,198301
2044,70-74,Female,176164
2044,75-79,Female,145693
2044,80-84,Female,117974
2044,85-89,Female,79288
2044,90-94,Female,44027
2044,95-99,Female,16672
2044,0-4,Male,136484
2044,10-14,Male,142965
2044,15-19,Male,151482
2044,20-24,Male,161874
2044,25-29,Male,183258
2044,30-34,Male,212539
2044,35-39,Male,210902
2044,40-44,Male,199369
2044,45-49,Male,191480
2044,5-9,Male,137423
2044,50-54,Male,185855
2044,55-59,Male,194891
2044,60-64,Male,213287
2044,65-69,Male,188593
2044,70-74,Male,167879
2044,75-79,Male,133958
2044,80-84,Male,100574
2044,85-89,Male,62064
2044,90-94,Male,30466
2044,95-99,Male,9477
2045,0-4,Female,130012
2045,10-14,Female,134993
2045,15-19,Female,144140
2045,20-24,Female,157018
2045,25-29,Female,178363
2045,30-34,Female,210985
2045,35-39,Female,221567
2045,40-44,Female,211954
2045,45-49,Female,205353
2045,5-9,Female,130565
2045,50-54,Female,202024
2045,55-59,Female,216579
2045,60-64,Female,232071
2045,65-69,Female,205792
2045,70-74,Female,179389
2045,75-79,Female,148542
2045,80-84,Female,121665
2045,85-89,Female,82011
2045,90-94,Female,45811
2045,95-99,Female,17792
2045,0-4,Male,136962
2045,10-14,Male,142369
2045,15-19,Male,149856
2045,20-24,Male,160011
2045,25-29,Male,178846
2045,30-34,Male,209794
2045,35-39,Male,215097
2045,40-44,Male,202109
2045,45-49,Male,195018
2045,5-9,Male,137705
2045,50-54,Male,184912
2045,55-59,Male,192590
2045,60-64,Male,210082
2045,65-69,Male,194408
2045,70-74,Male,170655
2045,75-79,Male,137397
2045,80-84,Male,103774
2045,85-89,Male,64393
2045,90-94,Male,31805
2045,95-99,Male,10111
2046,0-4,Female,130218
2046,10-14,Female,134531
2046,15-19,Female,142783
2046,20-24,Female,155816
2046,25-29,Female,174044
2046,30-34,Female,207444
2046,35-39,Female,225568
2046,40-44,Female,215106
2046,45-49,Female,207887
2046,5-9,Female,131063
2046,50-54,Female,199937
2046,55-59,Female,213621
2046,60-64,Female,230112
2046,65-69,Female,213528
2046,70-74,Female,182636
2046,75-79,Female,152395
2046,80-84,Female,124134
2046,85-89,Female,85279
2046,90-94,Female,47558
2046,95-99,Female,18732
2046,0-4,Male,137179
2046,10-14,Male,141887
2046,15-19,Male,148425
2046,20-24,Male,158867
2046,25-29,Male,174558
2046,30-34,Male,206392
2046,35-39,Male,218895
2046,40-44,Male,205275
2046,45-49,Male,197327
2046,5-9,Male,138230
2046,50-54,Male,184408
2046,55-59,Male,190835
2046,60-64,Male,206388
2046,65-69,Male,200094
2046,70-74,Male,173177
2046,75-79,Male,141358
2046,80-84,Male,106423
2046,85-89,Male,66997
2046,90-94,Male,33027
2046,95-99,Male,10699
2047,0-4,Female,130150
2047,10-14,Female,134179
2047,15-19,Female,141673
2047,20-24,Female,153534
2047,25-29,Female,171556
2047,30-34,Female,203382
2047,35-39,Female,227576
2047,40-44,Female,218362
2047,45-49,Female,210513
2047,5-9,Female,131780
2047,50-54,Female,199174
2047,55-59,Female,210831
2047,60-64,Female,227348
2047,65-69,Female,221147
2047,70-74,Female,184987
2047,75-79,Female,157165
2047,80-84,Female,126528
2047,85-89,Female,88583
2047,90-94,Female,49295
2047,95-99,Female,19759
2047,0-4,Male,137106
2047,10-14,Male,141517
2047,15-19,Male,147266
2047,20-24,Male,156554
2047,25-29,Male,172217
2047,30-34,Male,201815
2047,35-39,Male,221413
2047,40-44,Male,208788
2047,45-49,Male,199288
2047,5-9,Male,138987
2047,50-54,Male,185850
2047,55-59,Male,188846
2047,60-64,Male,202488
2047,65-69,Male,204903
2047,70-74,Male,174917
2047,75-79,Male,145919
2047,80-84,Male,108986
2047,85-89,Male,69739
2047,90-94,Male,34467
2047,95-99,Male,11344
2048,0-4,Female,129823
2048,10-14,Female,133893
2048,15-19,Female,140778
2048,20-24,Female,150924
2048,25-29,Female,170404
2048,30-34,Female,198675
2048,35-39,Female,226922
2048,40-44,Female,223286
2048,45-49,Female,212750
2048,5-9,Female,132675
2048,50-54,Female,200736
2048,55-59,Female,207799
2048,60-64,Female,223568
2048,65-69,Female,227648
2048,70-74,Female,187566
2048,75-79,Female,161947
2048,80-84,Female,128871
2048,85-89,Female,91829
2048,90-94,Female,50947
2048,95-99,Female,20909
2048,0-4,Male,136763
2048,10-14,Male,141217
2048,15-19,Male,146326
2048,20-24,Male,153804
2048,25-29,Male,170777
2048,30-34,Male,197345
2048,35-39,Male,221442
2048,40-44,Male,213350
2048,45-49,Male,200980
2048,5-9,Male,139931
2048,50-54,Male,188698
2048,55-59,Male,187758
2048,60-64,Male,198678
2048,65-69,Male,208096
2048,70-74,Male,176417
2048,75-79,Male,150228
2048,80-84,Male,111678
2048,85-89,Male,72593
2048,90-94,Male,35617
2048,95-99,Male,12047
2049,0-4,Female,129220
2049,10-14,Female,133913
2049,15-19,Female,140065
2049,20-24,Female,149204
2049,25-29,Female,168326
2049,30-34,Female,194381
2049,35-39,Female,225090
2049,40-44,Female,227852
2049,45-49,Female,215260
2049,5-9,Female,133371
2049,50-54,Female,203537
2049,55-59,Female,205499
2049,60-64,Female,219597
2049,65-69,Female,230290
2049,70-74,Female,192695
2049,75-79,Female,166717
2049,80-84,Female,130722
2049,85-89,Female,95299
2049,90-94,Female,52771
2049,95-99,Female,21798
2049,0-4,Male,136128
2049,10-14,Male,141238
2049,15-19,Male,145583
2049,20-24,Male,151992
2049,25-29,Male,168668
2049,30-34,Male,192866
2049,35-39,Male,220040
2049,40-44,Male,217997
2049,45-49,Male,202962
2049,5-9,Male,140663
2049,50-54,Male,192650
2049,55-59,Male,186930
2049,60-64,Male,194846
2049,65-69,Male,208570
2049,70-74,Male,179904
2049,75-79,Male,153893
2049,80-84,Male,114367
2049,85-89,Male,75341
2049,90-94,Male,37076
2049,95-99,Male,12641
2050,0-4,Female,128361
2050,10-14,Female,134180
2050,15-19,Female,139492
2050,20-24,Female,147663
2050,25-29,Female,166314
2050,30-34,Female,190428
2050,35-39,Female,221950
2050,40-44,Female,232730
2050,45-49,Female,217255
2050,5-9,Female,133827
2050,50-54,Female,206687
2050,55-59,Female,203243
2050,60-64,Female,217154
2050,65-69,Female,229166
2050,70-74,Female,200057
2050,75-79,Female,169896
2050,80-84,Female,133556
2050,85-89,Female,98595
2050,90-94,Female,54965
2050,95-99,Female,22933
2050,0-4,Male,135224
2050,10-14,Male,141522
2050,15-19,Male,144987
2050,20-24,Male,150369
2050,25-29,Male,166812
2050,30-34,Male,188469
2050,35-39,Male,217307
2050,40-44,Male,222190
2050,45-49,Male,205706
2050,5-9,Male,141140
2050,50-54,Male,196182
2050,55-59,Male,186036
2050,60-64,Male,192653
2050,65-69,Male,205556
2050,70-74,Male,185599
2050,75-79,Male,156628
2050,80-84,Male,117622
2050,85-89,Male,78078
2050,90-94,Male,38797
2050,95-99,Male,13327
2051,0-4,Female,127260
2051,10-14,Female,134678
2051,15-19,Female,139030
2051,20-24,Female,146306
2051,25-29,Female,165115
2051,30-34,Female,186116
2051,35-39,Female,218416
2051,40-44,Female,236730
2051,45-49,Female,220407
2051,5-9,Female,134034
2051,50-54,Female,209220
2051,55-59,Female,201199
2051,60-64,Female,214274
2051,65-69,Female,227311
2051,70-74,Female,207656
2051,75-79,Female,173097
2051,80-84,Female,137254
2051,85-89,Female,100882
2051,90-94,Female,57518
2051,95-99,Female,23961
2051,0-4,Male,134065
2051,10-14,Male,142049
2051,15-19,Male,144505
2051,20-24,Male,148943
2051,25-29,Male,165673
2051,30-34,Male,184194
2051,35-39,Male,213922
2051,40-44,Male,225985
2051,45-49,Male,208873
2051,5-9,Male,141357
2051,50-54,Male,198492
2051,55-59,Male,185576
2051,60-64,Male,190994
2051,65-69,Male,202069
2051,70-74,Male,191159
2051,75-79,Male,159128
2051,80-84,Male,121295
2051,85-89,Male,80379
2051,90-94,Male,40665
2051,95-99,Male,13945
2052,0-4,Female,125944
2052,10-14,Female,135395
2052,15-19,Female,138678
2052,20-24,Female,145199
2052,25-29,Female,162835
2052,30-34,Female,183635
2052,35-39,Female,214364
2052,40-44,Female,238741
2052,45-49,Female,223663
2052,5-9,Female,133965
2052,50-54,Female,211850
2052,55-59,Female,200465
2052,60-64,Female,211563
2052,65-69,Female,224672
2052,70-74,Female,215126
2052,75-79,Female,175474
2052,80-84,Female,141795
2052,85-89,Female,103128
2052,90-94,Female,60098
2052,95-99,Female,25045
2052,0-4,Male,132679
2052,10-14,Male,142806
2052,15-19,Male,144137
2052,20-24,Male,147788
2052,25-29,Male,163364
2052,30-34,Male,181864
2052,35-39,Male,209363
2052,40-44,Male,228505
2052,45-49,Male,212385
2052,5-9,Male,141284
2052,50-54,Male,200461
2052,55-59,Male,187039
2052,60-64,Male,189106
2052,65-69,Male,198386
2052,70-74,Male,195868
2052,75-79,Male,160946
2052,80-84,Male,125514
2052,85-89,Male,82668
2052,90-94,Male,42671
2052,95-99,Male,14703
2053,0-4,Female,124490
2053,10-14,Female,136290
2053,15-19,Female,138393
2053,20-24,Female,144305
2053,25-29,Female,160229
2053,30-34,Female,182486
2053,35-39,Female,209668
2053,40-44,Female,238097
2053,45-49,Female,228585
2053,5-9,Female,133639
2053,50-54,Female,214093
2053,55-59,Female,202041
2053,60-64,Female,208602
2053,65-69,Female,221031
2053,70-74,Female,221496
2053,75-79,Female,178071
2053,80-84,Female,146328
2053,85-89,Female,105339
2053,90-94,Female,62627
2053,95-99,Female,26158
2053,0-4,Male,131146
2053,10-14,Male,143749
2053,15-19,Male,143838
2053,20-24,Male,146851
2053,25-29,Male,160621
2053,30-34,Male,180432
2053,35-39,Male,204907
2053,40-44,Male,228545
2053,45-49,Male,216942
2053,5-9,Male,140942
2053,50-54,Male,202162
2053,55-59,Male,189892
2053,60-64,Male,188091
2053,65-69,Male,194773
2053,70-74,Male,199008
2053,75-79,Male,162535
2053,80-84,Male,129495
2053,85-89,Male,85050
2053,90-94,Male,44699
2053,95-99,Male,15351
2054,0-4,Female,122986
2054,10-14,Female,136986
2054,15-19,Female,138413
2054,20-24,Female,143594
2054,25-29,Female,158510
2054,30-34,Female,180413
2054,35-39,Female,205382
2054,40-44,Female,236274
2054,45-49,Female,233148
2054,5-9,Female,133036
2054,50-54,Female,216608
2054,55-59,Female,204843
2054,60-64,Female,206360
2054,65-69,Female,217196
2054,70-74,Female,224133
2054,75-79,Female,183101
2054,80-84,Female,150810
2054,85-89,Female,107158
2054,90-94,Female,65290
2054,95-99,Female,27232
2054,0-4,Male,129562
2054,10-14,Male,144481
2054,15-19,Male,143859
2054,20-24,Male,146110
2054,25-29,Male,158815
2054,30-34,Male,178333
2054,35-39,Male,200444
2054,40-44,Male,227155
2054,45-49,Male,221581
2054,5-9,Male,140308
2054,50-54,Male,204154
2054,55-59,Male,193832
2054,60-64,Male,187324
2054,65-69,Male,191136
2054,70-74,Male,199562
2054,75-79,Male,165971
2054,80-84,Male,132895
2054,85-89,Male,87449
2054,90-94,Male,46676
2054,95-99,Male,16106
2055,0-4,Female,121460
2055,10-14,Female,137442
2055,15-19,Female,138681
2055,20-24,Female,143022
2055,25-29,Female,156971
2055,30-34,Female,178403
2055,35-39,Female,201436
2055,40-44,Female,233145
2055,45-49,Female,238024
2055,5-9,Female,132177
2055,50-54,Female,218609
2055,55-59,Female,207994
2055,60-64,Female,204166
2055,65-69,Female,214857
2055,70-74,Female,223132
2055,75-79,Female,190260
2055,80-84,Female,153892
2055,85-89,Female,109889
2055,90-94,Female,67919
2055,95-99,Female,28652
2055,0-4,Male,127954
2055,10-14,Male,144960
2055,15-19,Male,144143
2055,20-24,Male,145517
2055,25-29,Male,157200
2055,30-34,Male,176485
2055,35-39,Male,196062
2055,40-44,Male,224441
2055,45-49,Male,225770
2055,5-9,Male,139404
2055,50-54,Male,206902
2055,55-59,Male,197355
2055,60-64,Male,186501
2055,65-69,Male,189095
2055,70-74,Male,196820
2055,75-79,Male,171472
2055,80-84,Male,135528
2055,85-89,Male,90350
2055,90-94,Male,48707
2055,95-99,Male,17029
2056,0-4,Female,119947
2056,10-14,Female,137649
2056,15-19,Female,139180
2056,20-24,Female,142561
2056,25-29,Female,155617
2056,30-34,Female,177207
2056,35-39,Female,197134
2056,40-44,Female,229623
2056,45-49,Female,242025
2056,5-9,Female,131076
2056,50-54,Female,221759
2056,55-59,Female,210531
2056,60-64,Female,202182
2056,65-69,Female,212093
2056,70-74,Female,221431
2056,75-79,Female,197632
2056,80-84,Female,157000
2056,85-89,Female,113290
2056,90-94,Female,69827
2056,95-99,Female,30192
2056,0-4,Male,126361
2056,10-14,Male,145177
2056,15-19,Male,144671
2056,20-24,Male,145038
2056,25-29,Male,155779
2056,30-34,Male,175351
2056,35-39,Male,191801
2056,40-44,Male,221075
2056,45-49,Male,229563
2056,5-9,Male,138245
2056,50-54,Male,210067
2056,55-59,Male,199670
2056,60-64,Male,186108
2056,65-69,Male,187574
2056,70-74,Male,193638
2056,75-79,Male,176821
2056,80-84,Male,137961
2056,85-89,Male,93542
2056,90-94,Male,50449
2056,95-99,Male,17978
2057,0-4,Female,118485
2057,10-14,Female,137580
2057,15-19,Female,139897
2057,20-24,Female,142211
2057,25-29,Female,154511
2057,30-34,Female,174929
2057,35-39,Female,194658
2057,40-44,Female,225583
2057,45-49,Female,244037
2057,5-9,Female,129760
2057,50-54,Female,225015
2057,55-59,Female,213166
2057,60-64,Female,201497
2057,65-69,Female,209494
2057,70-74,Female,218976
2057,75-79,Female,204864
2057,80-84,Female,159397
2057,85-89,Female,117411
2057,90-94,Female,71736
2057,95-99,Female,31749
2057,0-4,Male,124821
2057,10-14,Male,145103
2057,15-19,Male,145431
2057,20-24,Male,144673
2057,25-29,Male,154628
2057,30-34,Male,173050
2057,35-39,Male,189484
2057,40-44,Male,216537
2057,45-49,Male,232084
2057,5-9,Male,136859
2057,50-54,Male,213578
2057,55-59,Male,201650
2057,60-64,Male,187602
2057,65-69,Male,185825
2057,70-74,Male,190274
2057,75-79,Male,181362
2057,80-84,Male,139855
2057,85-89,Male,97199
2057,90-94,Male,52245
2057,95-99,Male,19047
